ORD_NO,SKU_CD,NUM_PCS,LOC,CART_NO,SEQ
ORD_0003,SKU_0057,1,WP_0004,1,1
ORD_0002,SKU_0005,1,WP_0022,1,2
ORD_0004,SKU_0037,1,WP_0034,1,3
ORD_0004,SKU_0097,1,WP_0039,1,4
ORD_0004,SKU_0180,1,WP_0041,1,5
ORD_0001,SKU_0246,1,WP_0058,1,6
ORD_0002,SKU_0156,1,WP_0074,1,7
ORD_0002,SKU_0047,1,WP_0078,1,8
ORD_0002,SKU_0123,1,WP_0093,1,9
ORD_0001,SKU_0267,1,WP_0101,1,10
ORD_0003,SKU_0272,1,WP_0116,1,11
ORD_0004,SKU_0144,1,WP_0119,1,12
ORD_0002,SKU_0063,1,WP_0152,1,13
ORD_0008,SKU_0127,1,WP_0016,2,1
ORD_0005,SKU_0183,1,WP_0030,2,2
ORD_0008,SKU_0228,1,WP_0043,2,3
ORD_0006,SKU_0023,1,WP_0050,2,4
ORD_0005,SKU_0151,1,WP_0060,2,5
ORD_0008,SKU_0286,1,WP_0071,2,6
ORD_0007,SKU_0211,1,WP_0088,2,7
ORD_0005,SKU_0175,1,WP_0108,2,8
ORD_0008,SKU_0237,1,WP_0131,2,9
ORD_0005,SKU_0315,1,WP_0144,2,10
ORD_0008,SKU_0208,1,WP_0147,2,11
ORD_0007,SKU_0319,1,WP_0158,2,12
ORD_0012,SKU_0007,1,WP_0021,3,1
ORD_0010,SKU_0100,1,WP_0053,3,2
ORD_0012,SKU_0076,1,WP_0062,3,3
ORD_0012,SKU_0148,1,WP_0067,3,4
ORD_0010,SKU_0286,1,WP_0071,3,5
ORD_0009,SKU_0268,1,WP_0101,3,6
ORD_0011,SKU_0305,1,WP_0124,3,7
ORD_0010,SKU_0259,1,WP_0156,3,8
ORD_0011,SKU_0317,1,WP_0165,3,9
ORD_0016,SKU_0068,1,WP_0033,4,1
ORD_0016,SKU_0068,1,WP_0033,4,2
ORD_0015,SKU_0066,1,WP_0052,4,3
ORD_0016,SKU_0244,1,WP_0058,4,4
ORD_0015,SKU_0112,1,WP_0061,4,5
ORD_0015,SKU_0048,1,WP_0078,4,6
ORD_0015,SKU_0326,1,WP_0085,4,7
ORD_0015,SKU_0296,1,WP_0097,4,8
ORD_0013,SKU_0143,1,WP_0120,4,9
ORD_0014,SKU_0235,1,WP_0136,4,10
ORD_0014,SKU_0274,1,WP_0137,4,11
ORD_0019,SKU_0053,1,WP_0011,5,1
ORD_0020,SKU_0029,1,WP_0024,5,2
ORD_0018,SKU_0221,1,WP_0042,5,3
ORD_0018,SKU_0202,1,WP_0059,5,4
ORD_0017,SKU_0112,1,WP_0061,5,5
ORD_0020,SKU_0204,1,WP_0073,5,6
ORD_0018,SKU_0307,1,WP_0115,5,7
ORD_0020,SKU_0158,1,WP_0133,5,8
ORD_0019,SKU_0309,1,WP_0138,5,9
ORD_0019,SKU_0315,1,WP_0144,5,10
ORD_0020,SKU_0294,1,WP_0159,5,11
ORD_0021,SKU_0030,1,WP_0005,6,1
ORD_0023,SKU_0185,1,WP_0044,6,2
ORD_0023,SKU_0038,1,WP_0051,6,3
ORD_0024,SKU_0285,1,WP_0071,6,4
ORD_0023,SKU_0297,1,WP_0097,6,5
ORD_0023,SKU_0277,1,WP_0130,6,6
ORD_0023,SKU_0277,1,WP_0130,6,7
ORD_0022,SKU_0256,1,WP_0163,6,8
ORD_0026,SKU_0121,1,WP_0002,7,1
ORD_0028,SKU_0031,1,WP_0005,7,2
ORD_0025,SKU_0029,1,WP_0024,7,3
ORD_0025,SKU_0226,1,WP_0029,7,4
ORD_0025,SKU_0138,1,WP_0031,7,5
ORD_0026,SKU_0134,1,WP_0040,7,6
ORD_0026,SKU_0040,1,WP_0048,7,7
ORD_0027,SKU_0100,1,WP_0053,7,8
ORD_0028,SKU_0074,1,WP_0065,7,9
ORD_0026,SKU_0266,1,WP_0110,7,10
ORD_0025,SKU_0308,1,WP_0138,7,11
ORD_0025,SKU_0291,1,WP_0145,7,12
ORD_0026,SKU_0291,1,WP_0145,7,13
ORD_0031,SKU_0016,1,WP_0020,8,1
ORD_0032,SKU_0138,1,WP_0031,8,2
ORD_0032,SKU_0108,1,WP_0046,8,3
ORD_0029,SKU_0203,1,WP_0073,8,4
ORD_0030,SKU_0203,1,WP_0073,8,5
ORD_0030,SKU_0243,1,WP_0083,8,6
ORD_0030,SKU_0242,1,WP_0083,8,7
ORD_0031,SKU_0301,1,WP_0086,8,8
ORD_0032,SKU_0302,1,WP_0100,8,9
ORD_0029,SKU_0232,1,WP_0117,8,10
ORD_0030,SKU_0191,1,WP_0135,8,11
ORD_0030,SKU_0205,1,WP_0148,8,12
ORD_0032,SKU_0278,1,WP_0152,8,13
ORD_0032,SKU_0218,1,WP_0162,8,14
ORD_0033,SKU_0010,1,WP_0009,9,1
ORD_0036,SKU_0053,1,WP_0011,9,2
ORD_0034,SKU_0092,1,WP_0017,9,3
ORD_0033,SKU_0060,1,WP_0018,9,4
ORD_0034,SKU_0239,1,WP_0069,9,5
ORD_0034,SKU_0115,1,WP_0075,9,6
ORD_0036,SKU_0114,1,WP_0080,9,7
ORD_0036,SKU_0260,1,WP_0096,9,8
ORD_0035,SKU_0325,1,WP_0112,9,9
ORD_0033,SKU_0193,1,WP_0132,9,10
ORD_0035,SKU_0235,1,WP_0136,9,11
ORD_0036,SKU_0291,1,WP_0145,9,12
ORD_0039,SKU_0127,1,WP_0016,10,1
ORD_0038,SKU_0017,1,WP_0036,10,2
ORD_0037,SKU_0025,1,WP_0049,10,3
ORD_0039,SKU_0151,1,WP_0060,10,4
ORD_0040,SKU_0050,1,WP_0077,10,5
ORD_0040,SKU_0200,1,WP_0082,10,6
ORD_0039,SKU_0302,1,WP_0100,10,7
ORD_0039,SKU_0131,1,WP_0107,10,8
ORD_0040,SKU_0234,1,WP_0117,10,9
ORD_0039,SKU_0251,1,WP_0149,10,10
ORD_0042,SKU_0089,1,WP_0003,11,1
ORD_0043,SKU_0172,1,WP_0015,11,2
ORD_0043,SKU_0093,1,WP_0017,11,3
ORD_0041,SKU_0032,1,WP_0019,11,4
ORD_0043,SKU_0012,1,WP_0023,11,5
ORD_0041,SKU_0101,1,WP_0053,11,6
ORD_0043,SKU_0100,1,WP_0053,11,7
ORD_0041,SKU_0213,1,WP_0109,11,8
ORD_0043,SKU_0213,1,WP_0109,11,9
ORD_0044,SKU_0142,1,WP_0120,11,10
ORD_0044,SKU_0208,1,WP_0147,11,11
ORD_0042,SKU_0288,1,WP_0150,11,12
ORD_0045,SKU_0089,1,WP_0003,12,1
ORD_0046,SKU_0016,1,WP_0020,12,2
ORD_0046,SKU_0018,1,WP_0036,12,3
ORD_0047,SKU_0180,1,WP_0041,12,4
ORD_0045,SKU_0173,1,WP_0089,12,5
ORD_0046,SKU_0303,1,WP_0100,12,6
ORD_0048,SKU_0130,1,WP_0107,12,7
ORD_0045,SKU_0277,1,WP_0130,12,8
ORD_0048,SKU_0233,1,WP_0142,12,9
ORD_0046,SKU_0251,1,WP_0149,12,10
ORD_0046,SKU_0293,1,WP_0164,12,11
ORD_0050,SKU_0054,1,WP_0025,13,1
ORD_0051,SKU_0036,1,WP_0034,13,2
ORD_0049,SKU_0035,1,WP_0037,13,3
ORD_0052,SKU_0062,1,WP_0038,13,4
ORD_0051,SKU_0070,1,WP_0047,13,5
ORD_0052,SKU_0039,1,WP_0051,13,6
ORD_0052,SKU_0045,1,WP_0063,13,7
ORD_0050,SKU_0285,1,WP_0071,13,8
ORD_0050,SKU_0200,1,WP_0082,13,9
ORD_0051,SKU_0091,1,WP_0092,13,10
ORD_0049,SKU_0265,1,WP_0110,13,11
ORD_0052,SKU_0309,1,WP_0138,13,12
ORD_0049,SKU_0251,1,WP_0149,13,13
ORD_0052,SKU_0252,1,WP_0149,13,14
ORD_0051,SKU_0292,1,WP_0164,13,15
ORD_0056,SKU_0159,1,WP_0014,14,1
ORD_0053,SKU_0170,1,WP_0015,14,2
ORD_0055,SKU_0170,1,WP_0015,14,3
ORD_0056,SKU_0058,1,WP_0018,14,4
ORD_0055,SKU_0008,1,WP_0021,14,5
ORD_0053,SKU_0200,1,WP_0082,14,6
ORD_0053,SKU_0242,1,WP_0083,14,7
ORD_0054,SKU_0281,1,WP_0084,14,8
ORD_0054,SKU_0335,1,WP_0114,14,9
ORD_0056,SKU_0190,1,WP_0118,14,10
ORD_0053,SKU_0153,1,WP_0134,14,11
ORD_0056,SKU_0274,1,WP_0137,14,12
ORD_0054,SKU_0254,1,WP_0146,14,13
ORD_0055,SKU_0255,1,WP_0163,14,14
ORD_0059,SKU_0165,1,WP_0001,15,1
ORD_0059,SKU_0084,1,WP_0012,15,2
ORD_0059,SKU_0034,1,WP_0037,15,3
ORD_0058,SKU_0179,1,WP_0041,15,4
ORD_0057,SKU_0038,1,WP_0051,15,5
ORD_0059,SKU_0137,1,WP_0054,15,6
ORD_0058,SKU_0201,1,WP_0059,15,7
ORD_0057,SKU_0115,1,WP_0075,15,8
ORD_0057,SKU_0177,1,WP_0103,15,9
ORD_0060,SKU_0306,1,WP_0115,15,10
ORD_0057,SKU_0158,1,WP_0133,15,11
ORD_0059,SKU_0157,1,WP_0133,15,12
ORD_0061,SKU_0039,1,WP_0051,16,1
ORD_0063,SKU_0101,1,WP_0053,16,2
ORD_0063,SKU_0073,1,WP_0065,16,3
ORD_0063,SKU_0273,1,WP_0116,16,4
ORD_0062,SKU_0304,1,WP_0124,16,5
ORD_0064,SKU_0231,1,WP_0140,16,6
ORD_0063,SKU_0288,1,WP_0150,16,7
ORD_0062,SKU_0063,1,WP_0152,16,8
ORD_0063,SKU_0217,1,WP_0162,16,9
ORD_0066,SKU_0179,1,WP_0041,17,1
ORD_0068,SKU_0203,1,WP_0073,17,2
ORD_0067,SKU_0212,1,WP_0088,17,3
ORD_0067,SKU_0329,1,WP_0099,17,4
ORD_0068,SKU_0195,1,WP_0132,17,5
ORD_0066,SKU_0252,1,WP_0149,17,6
ORD_0065,SKU_0249,1,WP_0155,17,7
ORD_0065,SKU_0124,1,WP_0156,17,8
ORD_0072,SKU_0011,1,WP_0023,18,1
ORD_0070,SKU_0106,1,WP_0032,18,2
ORD_0072,SKU_0040,1,WP_0048,18,3
ORD_0071,SKU_0137,1,WP_0054,18,4
ORD_0071,SKU_0136,1,WP_0054,18,5
ORD_0071,SKU_0283,1,WP_0057,18,6
ORD_0070,SKU_0043,1,WP_0064,18,7
ORD_0070,SKU_0200,1,WP_0082,18,8
ORD_0069,SKU_0281,1,WP_0084,18,9
ORD_0070,SKU_0232,1,WP_0117,18,10
ORD_0070,SKU_0143,1,WP_0120,18,11
ORD_0069,SKU_0187,1,WP_0121,18,12
ORD_0071,SKU_0171,1,WP_0140,18,13
ORD_0073,SKU_0122,1,WP_0002,19,1
ORD_0075,SKU_0121,1,WP_0002,19,2
ORD_0075,SKU_0026,1,WP_0010,19,3
ORD_0074,SKU_0084,1,WP_0012,19,4
ORD_0074,SKU_0117,1,WP_0013,19,5
ORD_0075,SKU_0127,1,WP_0016,19,6
ORD_0076,SKU_0032,1,WP_0019,19,7
ORD_0075,SKU_0016,1,WP_0020,19,8
ORD_0076,SKU_0111,1,WP_0061,19,9
ORD_0075,SKU_0240,1,WP_0069,19,10
ORD_0073,SKU_0099,1,WP_0106,19,11
ORD_0073,SKU_0271,1,WP_0123,19,12
ORD_0076,SKU_0195,1,WP_0132,19,13
ORD_0074,SKU_0254,1,WP_0146,19,14
ORD_0074,SKU_0220,1,WP_0161,19,15
ORD_0079,SKU_0161,1,WP_0014,20,1
ORD_0078,SKU_0284,1,WP_0057,20,2
ORD_0078,SKU_0246,1,WP_0058,20,3
ORD_0077,SKU_0113,1,WP_0080,20,4
ORD_0079,SKU_0215,1,WP_0102,20,5
ORD_0078,SKU_0098,1,WP_0106,20,6
ORD_0079,SKU_0298,1,WP_0111,20,7
ORD_0080,SKU_0299,1,WP_0111,20,8
ORD_0079,SKU_0142,1,WP_0120,20,9
ORD_0077,SKU_0230,1,WP_0122,20,10
ORD_0080,SKU_0276,1,WP_0130,20,11
ORD_0078,SKU_0274,1,WP_0137,20,12
ORD_0078,SKU_0309,1,WP_0138,20,13
ORD_0080,SKU_0309,1,WP_0138,20,14
ORD_0077,SKU_0208,1,WP_0147,20,15
ORD_0081,SKU_0009,1,WP_0009,21,1
ORD_0081,SKU_0033,1,WP_0019,21,2
ORD_0081,SKU_0037,1,WP_0034,21,3
ORD_0081,SKU_0221,1,WP_0042,21,4
ORD_0081,SKU_0224,1,WP_0056,21,5
ORD_0084,SKU_0223,1,WP_0056,21,6
ORD_0082,SKU_0116,1,WP_0075,21,7
ORD_0082,SKU_0129,1,WP_0090,21,8
ORD_0082,SKU_0306,1,WP_0115,21,9
ORD_0082,SKU_0189,1,WP_0118,21,10
ORD_0083,SKU_0321,1,WP_0141,21,11
ORD_0082,SKU_0258,1,WP_0160,21,12
ORD_0085,SKU_0159,1,WP_0014,22,1
ORD_0087,SKU_0028,1,WP_0024,22,2
ORD_0085,SKU_0120,1,WP_0027,22,3
ORD_0086,SKU_0120,1,WP_0027,22,4
ORD_0086,SKU_0106,1,WP_0032,22,5
ORD_0087,SKU_0136,1,WP_0054,22,6
ORD_0087,SKU_0044,1,WP_0063,22,7
ORD_0085,SKU_0176,1,WP_0108,22,8
ORD_0086,SKU_0236,1,WP_0136,22,9
ORD_0085,SKU_0253,1,WP_0146,22,10
ORD_0088,SKU_0046,1,WP_0153,22,11
ORD_0086,SKU_0316,1,WP_0165,22,12
ORD_0089,SKU_0056,1,WP_0004,23,1
ORD_0091,SKU_0013,1,WP_0006,23,2
ORD_0089,SKU_0053,1,WP_0011,23,3
ORD_0090,SKU_0126,1,WP_0016,23,4
ORD_0089,SKU_0222,1,WP_0042,23,5
ORD_0091,SKU_0156,1,WP_0074,23,6
ORD_0090,SKU_0077,1,WP_0079,23,7
ORD_0089,SKU_0209,1,WP_0095,23,8
ORD_0090,SKU_0307,1,WP_0115,23,9
ORD_0091,SKU_0272,1,WP_0116,23,10
ORD_0089,SKU_0269,1,WP_0123,23,11
ORD_0091,SKU_0275,1,WP_0137,23,12
ORD_0091,SKU_0333,1,WP_0139,23,13
ORD_0090,SKU_0219,1,WP_0161,23,14
ORD_0090,SKU_0317,1,WP_0165,23,15
ORD_0092,SKU_0022,1,WP_0167,23,16
ORD_0095,SKU_0164,1,WP_0001,24,1
ORD_0096,SKU_0122,1,WP_0002,24,2
ORD_0094,SKU_0180,1,WP_0041,24,3
ORD_0094,SKU_0185,1,WP_0044,24,4
ORD_0094,SKU_0021,1,WP_0050,24,5
ORD_0095,SKU_0136,1,WP_0054,24,6
ORD_0096,SKU_0112,1,WP_0061,24,7
ORD_0095,SKU_0300,1,WP_0086,24,8
ORD_0095,SKU_0123,1,WP_0093,24,9
ORD_0096,SKU_0304,1,WP_0124,24,10
ORD_0094,SKU_0195,1,WP_0132,24,11
ORD_0096,SKU_0333,1,WP_0139,24,12
ORD_0093,SKU_0332,1,WP_0155,24,13
ORD_0100,SKU_0067,1,WP_0052,25,1
ORD_0098,SKU_0100,1,WP_0053,25,2
ORD_0100,SKU_0224,1,WP_0056,25,3
ORD_0097,SKU_0081,1,WP_0076,25,4
ORD_0099,SKU_0149,1,WP_0081,25,5
ORD_0098,SKU_0243,1,WP_0083,25,6
ORD_0099,SKU_0178,1,WP_0103,25,7
ORD_0097,SKU_0132,1,WP_0104,25,8
ORD_0097,SKU_0306,1,WP_0115,25,9
ORD_0099,SKU_0307,1,WP_0115,25,10
ORD_0098,SKU_0273,1,WP_0116,25,11
ORD_0097,SKU_0065,1,WP_0128,25,12
ORD_0100,SKU_0290,1,WP_0145,25,13
ORD_0099,SKU_0219,1,WP_0161,25,14
ORD_0103,SKU_0009,1,WP_0009,26,1
ORD_0103,SKU_0027,1,WP_0010,26,2
ORD_0101,SKU_0041,1,WP_0048,26,3
ORD_0102,SKU_0025,1,WP_0049,26,4
ORD_0104,SKU_0038,1,WP_0051,26,5
ORD_0104,SKU_0115,1,WP_0075,26,6
ORD_0103,SKU_0080,1,WP_0076,26,7
ORD_0102,SKU_0266,1,WP_0110,26,8
ORD_0104,SKU_0325,1,WP_0112,26,9
ORD_0108,SKU_0001,1,WP_0008,27,1
ORD_0106,SKU_0163,1,WP_0028,27,2
ORD_0107,SKU_0141,1,WP_0045,27,3
ORD_0106,SKU_0283,1,WP_0057,27,4
ORD_0106,SKU_0197,1,WP_0068,27,5
ORD_0105,SKU_0280,1,WP_0070,27,6
ORD_0105,SKU_0300,1,WP_0086,27,7
ORD_0105,SKU_0253,1,WP_0146,27,8
ORD_0105,SKU_0253,1,WP_0146,27,9
ORD_0105,SKU_0317,1,WP_0165,27,10
ORD_0109,SKU_0119,1,WP_0027,28,1
ORD_0112,SKU_0138,1,WP_0031,28,2
ORD_0112,SKU_0036,1,WP_0034,28,3
ORD_0112,SKU_0076,1,WP_0062,28,4
ORD_0109,SKU_0073,1,WP_0065,28,5
ORD_0112,SKU_0174,1,WP_0089,28,6
ORD_0110,SKU_0095,1,WP_0091,28,7
ORD_0111,SKU_0323,1,WP_0098,28,8
ORD_0109,SKU_0098,1,WP_0106,28,9
ORD_0111,SKU_0336,1,WP_0114,28,10
ORD_0111,SKU_0189,1,WP_0118,28,11
ORD_0110,SKU_0142,1,WP_0120,28,12
ORD_0109,SKU_0188,1,WP_0121,28,13
ORD_0110,SKU_0314,1,WP_0144,28,14
ORD_0115,SKU_0083,1,WP_0012,29,1
ORD_0114,SKU_0019,1,WP_0035,29,2
ORD_0115,SKU_0250,1,WP_0072,29,3
ORD_0115,SKU_0302,1,WP_0100,29,4
ORD_0115,SKU_0230,1,WP_0122,29,5
ORD_0113,SKU_0276,1,WP_0130,29,6
ORD_0113,SKU_0276,1,WP_0130,29,7
ORD_0115,SKU_0237,1,WP_0131,29,8
ORD_0116,SKU_0294,1,WP_0159,29,9
ORD_0119,SKU_0225,1,WP_0029,30,1
ORD_0118,SKU_0136,1,WP_0054,30,2
ORD_0120,SKU_0136,1,WP_0054,30,3
ORD_0119,SKU_0045,1,WP_0063,30,4
ORD_0119,SKU_0203,1,WP_0073,30,5
ORD_0120,SKU_0115,1,WP_0075,30,6
ORD_0118,SKU_0210,1,WP_0095,30,7
ORD_0119,SKU_0215,1,WP_0102,30,8
ORD_0120,SKU_0130,1,WP_0107,30,9
ORD_0120,SKU_0213,1,WP_0109,30,10
ORD_0120,SKU_0265,1,WP_0110,30,11
ORD_0117,SKU_0207,1,WP_0147,30,12
ORD_0118,SKU_0292,1,WP_0164,30,13
ORD_0123,SKU_0006,1,WP_0022,31,1
ORD_0121,SKU_0029,1,WP_0024,31,2
ORD_0123,SKU_0139,1,WP_0031,31,3
ORD_0124,SKU_0018,1,WP_0036,31,4
ORD_0124,SKU_0223,1,WP_0056,31,5
ORD_0124,SKU_0279,1,WP_0070,31,6
ORD_0121,SKU_0166,1,WP_0094,31,7
ORD_0123,SKU_0324,1,WP_0112,31,8
ORD_0122,SKU_0272,1,WP_0116,31,9
ORD_0122,SKU_0187,1,WP_0121,31,10
ORD_0123,SKU_0270,1,WP_0126,31,11
ORD_0124,SKU_0270,1,WP_0126,31,12
ORD_0122,SKU_0310,1,WP_0129,31,13
ORD_0121,SKU_0078,1,WP_0143,31,14
ORD_0121,SKU_0290,1,WP_0145,31,15
ORD_0122,SKU_0319,1,WP_0158,31,16
ORD_0122,SKU_0293,1,WP_0164,31,17
ORD_0128,SKU_0183,1,WP_0030,32,1
ORD_0126,SKU_0062,1,WP_0038,32,2
ORD_0128,SKU_0045,1,WP_0063,32,3
ORD_0127,SKU_0279,1,WP_0070,32,4
ORD_0126,SKU_0320,1,WP_0098,32,5
ORD_0127,SKU_0323,1,WP_0098,32,6
ORD_0125,SKU_0178,1,WP_0103,32,7
ORD_0125,SKU_0194,1,WP_0166,32,8
ORD_0131,SKU_0003,1,WP_0007,33,1
ORD_0132,SKU_0032,1,WP_0019,33,2
ORD_0129,SKU_0015,1,WP_0020,33,3
ORD_0131,SKU_0015,1,WP_0020,33,4
ORD_0130,SKU_0225,1,WP_0029,33,5
ORD_0132,SKU_0200,1,WP_0082,33,6
ORD_0132,SKU_0133,1,WP_0104,33,7
ORD_0130,SKU_0130,1,WP_0107,33,8
ORD_0130,SKU_0298,1,WP_0111,33,9
ORD_0132,SKU_0189,1,WP_0118,33,10
ORD_0130,SKU_0065,1,WP_0128,33,11
ORD_0130,SKU_0191,1,WP_0135,33,12
ORD_0132,SKU_0191,1,WP_0135,33,13
ORD_0134,SKU_0032,1,WP_0019,34,1
ORD_0136,SKU_0032,1,WP_0019,34,2
ORD_0134,SKU_0016,1,WP_0020,34,3
ORD_0133,SKU_0020,1,WP_0035,34,4
ORD_0136,SKU_0222,1,WP_0042,34,5
ORD_0134,SKU_0197,1,WP_0068,34,6
ORD_0133,SKU_0129,1,WP_0090,34,7
ORD_0134,SKU_0328,1,WP_0099,34,8
ORD_0136,SKU_0276,1,WP_0130,34,9
ORD_0135,SKU_0245,1,WP_0153,34,10
ORD_0140,SKU_0110,1,WP_0066,35,1
ORD_0140,SKU_0214,1,WP_0109,35,2
ORD_0137,SKU_0335,1,WP_0114,35,3
ORD_0140,SKU_0276,1,WP_0130,35,4
ORD_0139,SKU_0314,1,WP_0144,35,5
ORD_0138,SKU_0287,1,WP_0154,35,6
ORD_0141,SKU_0010,1,WP_0009,36,1
ORD_0141,SKU_0069,1,WP_0033,36,2
ORD_0142,SKU_0081,1,WP_0076,36,3
ORD_0143,SKU_0079,1,WP_0079,36,4
ORD_0142,SKU_0210,1,WP_0095,36,5
ORD_0141,SKU_0132,1,WP_0104,36,6
ORD_0143,SKU_0324,1,WP_0112,36,7
ORD_0143,SKU_0154,1,WP_0134,36,8
ORD_0142,SKU_0251,1,WP_0149,36,9
ORD_0143,SKU_0288,1,WP_0150,36,10
ORD_0144,SKU_0105,1,WP_0154,36,11
ORD_0148,SKU_0026,1,WP_0010,37,1
ORD_0145,SKU_0011,1,WP_0023,37,2
ORD_0145,SKU_0087,1,WP_0026,37,3
ORD_0147,SKU_0119,1,WP_0027,37,4
ORD_0147,SKU_0184,1,WP_0030,37,5
ORD_0147,SKU_0071,1,WP_0047,37,6
ORD_0146,SKU_0024,1,WP_0049,37,7
ORD_0146,SKU_0152,1,WP_0060,37,8
ORD_0145,SKU_0326,1,WP_0085,37,9
ORD_0147,SKU_0090,1,WP_0092,37,10
ORD_0147,SKU_0195,1,WP_0132,37,11
ORD_0149,SKU_0053,1,WP_0011,38,1
ORD_0151,SKU_0117,1,WP_0013,38,2
ORD_0152,SKU_0117,1,WP_0013,38,3
ORD_0150,SKU_0015,1,WP_0020,38,4
ORD_0151,SKU_0028,1,WP_0024,38,5
ORD_0152,SKU_0104,1,WP_0032,38,6
ORD_0149,SKU_0071,1,WP_0047,38,7
ORD_0149,SKU_0201,1,WP_0059,38,8
ORD_0151,SKU_0196,1,WP_0068,38,9
ORD_0152,SKU_0239,1,WP_0069,38,10
ORD_0150,SKU_0280,1,WP_0070,38,11
ORD_0149,SKU_0081,1,WP_0076,38,12
ORD_0150,SKU_0282,1,WP_0084,38,13
ORD_0152,SKU_0267,1,WP_0101,38,14
ORD_0149,SKU_0241,1,WP_0113,38,15
ORD_0151,SKU_0272,1,WP_0116,38,16
ORD_0152,SKU_0232,1,WP_0117,38,17
ORD_0150,SKU_0331,1,WP_0125,38,18
ORD_0150,SKU_0275,1,WP_0137,38,19
ORD_0151,SKU_0318,1,WP_0158,38,20
ORD_0155,SKU_0057,1,WP_0004,39,1
ORD_0153,SKU_0161,1,WP_0014,39,2
ORD_0154,SKU_0058,1,WP_0018,39,3
ORD_0153,SKU_0062,1,WP_0038,39,4
ORD_0154,SKU_0066,1,WP_0052,39,5
ORD_0155,SKU_0111,1,WP_0061,39,6
ORD_0154,SKU_0048,1,WP_0078,39,7
ORD_0153,SKU_0263,1,WP_0087,39,8
ORD_0153,SKU_0166,1,WP_0094,39,9
ORD_0154,SKU_0253,1,WP_0146,39,10
ORD_0156,SKU_0052,1,WP_0166,39,11
ORD_0159,SKU_0159,1,WP_0014,40,1
ORD_0158,SKU_0104,1,WP_0032,40,2
ORD_0160,SKU_0061,1,WP_0038,40,3
ORD_0158,SKU_0222,1,WP_0042,40,4
ORD_0159,SKU_0228,1,WP_0043,40,5
ORD_0159,SKU_0101,1,WP_0053,40,6
ORD_0160,SKU_0100,1,WP_0053,40,7
ORD_0157,SKU_0103,1,WP_0105,40,8
ORD_0160,SKU_0098,1,WP_0106,40,9
ORD_0158,SKU_0195,1,WP_0132,40,10
ORD_0158,SKU_0334,1,WP_0139,40,11
ORD_0159,SKU_0231,1,WP_0140,40,12
ORD_0157,SKU_0322,1,WP_0142,40,13
ORD_0160,SKU_0253,1,WP_0146,40,14
ORD_0158,SKU_0257,1,WP_0160,40,15
ORD_0164,SKU_0121,1,WP_0002,41,1
ORD_0161,SKU_0019,1,WP_0035,41,2
ORD_0164,SKU_0061,1,WP_0038,41,3
ORD_0161,SKU_0186,1,WP_0044,41,4
ORD_0162,SKU_0108,1,WP_0046,41,5
ORD_0162,SKU_0285,1,WP_0071,41,6
ORD_0161,SKU_0216,1,WP_0102,41,7
ORD_0164,SKU_0102,1,WP_0105,41,8
ORD_0162,SKU_0175,1,WP_0108,41,9
ORD_0163,SKU_0273,1,WP_0116,41,10
ORD_0164,SKU_0238,1,WP_0131,41,11
ORD_0163,SKU_0160,1,WP_0157,41,12
ORD_0161,SKU_0219,1,WP_0161,41,13
ORD_0168,SKU_0056,1,WP_0004,42,1
ORD_0168,SKU_0161,1,WP_0014,42,2
ORD_0167,SKU_0007,1,WP_0021,42,3
ORD_0167,SKU_0139,1,WP_0031,42,4
ORD_0168,SKU_0106,1,WP_0032,42,5
ORD_0166,SKU_0034,1,WP_0037,42,6
ORD_0167,SKU_0151,1,WP_0060,42,7
ORD_0168,SKU_0077,1,WP_0079,42,8
ORD_0167,SKU_0254,1,WP_0146,42,9
ORD_0167,SKU_0293,1,WP_0164,42,10
ORD_0165,SKU_0064,1,WP_0168,42,11
ORD_0170,SKU_0026,1,WP_0010,43,1
ORD_0171,SKU_0117,1,WP_0013,43,2
ORD_0172,SKU_0017,1,WP_0036,43,3
ORD_0171,SKU_0107,1,WP_0046,43,4
ORD_0171,SKU_0045,1,WP_0063,43,5
ORD_0172,SKU_0044,1,WP_0063,43,6
ORD_0169,SKU_0240,1,WP_0069,43,7
ORD_0170,SKU_0167,1,WP_0094,43,8
ORD_0169,SKU_0133,1,WP_0104,43,9
ORD_0170,SKU_0098,1,WP_0106,43,10
ORD_0170,SKU_0299,1,WP_0111,43,11
ORD_0171,SKU_0325,1,WP_0112,43,12
ORD_0169,SKU_0307,1,WP_0115,43,13
ORD_0170,SKU_0258,1,WP_0160,43,14
ORD_0169,SKU_0293,1,WP_0164,43,15
ORD_0173,SKU_0014,1,WP_0006,44,1
ORD_0176,SKU_0009,1,WP_0009,44,2
ORD_0176,SKU_0027,1,WP_0010,44,3
ORD_0174,SKU_0083,1,WP_0012,44,4
ORD_0175,SKU_0226,1,WP_0029,44,5
ORD_0175,SKU_0138,1,WP_0031,44,6
ORD_0174,SKU_0068,1,WP_0033,44,7
ORD_0175,SKU_0034,1,WP_0037,44,8
ORD_0173,SKU_0038,1,WP_0051,44,9
ORD_0175,SKU_0250,1,WP_0072,44,10
ORD_0173,SKU_0114,1,WP_0080,44,11
ORD_0175,SKU_0173,1,WP_0089,44,12
ORD_0174,SKU_0128,1,WP_0090,44,13
ORD_0174,SKU_0234,1,WP_0117,44,14
ORD_0177,SKU_0051,1,WP_0011,45,1
ORD_0179,SKU_0054,1,WP_0025,45,2
ORD_0179,SKU_0228,1,WP_0043,45,3
ORD_0177,SKU_0043,1,WP_0064,45,4
ORD_0180,SKU_0148,1,WP_0067,45,5
ORD_0178,SKU_0260,1,WP_0096,45,6
ORD_0178,SKU_0178,1,WP_0103,45,7
ORD_0179,SKU_0144,1,WP_0119,45,8
ORD_0178,SKU_0312,1,WP_0151,45,9
ORD_0182,SKU_0008,1,WP_0021,46,1
ORD_0184,SKU_0028,1,WP_0024,46,2
ORD_0182,SKU_0134,1,WP_0040,46,3
ORD_0181,SKU_0223,1,WP_0056,46,4
ORD_0183,SKU_0240,1,WP_0069,46,5
ORD_0184,SKU_0209,1,WP_0095,46,6
ORD_0181,SKU_0329,1,WP_0099,46,7
ORD_0184,SKU_0193,1,WP_0132,46,8
ORD_0181,SKU_0157,1,WP_0133,46,9
ORD_0181,SKU_0315,1,WP_0144,46,10
ORD_0183,SKU_0290,1,WP_0145,46,11
ORD_0183,SKU_0205,1,WP_0148,46,12
ORD_0183,SKU_0255,1,WP_0163,46,13
ORD_0187,SKU_0051,1,WP_0011,47,1
ORD_0187,SKU_0053,1,WP_0011,47,2
ORD_0185,SKU_0087,1,WP_0026,47,3
ORD_0188,SKU_0119,1,WP_0027,47,4
ORD_0185,SKU_0020,1,WP_0035,47,5
ORD_0187,SKU_0020,1,WP_0035,47,6
ORD_0187,SKU_0140,1,WP_0045,47,7
ORD_0186,SKU_0197,1,WP_0068,47,8
ORD_0186,SKU_0077,1,WP_0079,47,9
ORD_0185,SKU_0176,1,WP_0108,47,10
ORD_0185,SKU_0311,1,WP_0129,47,11
ORD_0187,SKU_0236,1,WP_0136,47,12
ORD_0188,SKU_0253,1,WP_0146,47,13
ORD_0189,SKU_0006,1,WP_0022,48,1
ORD_0192,SKU_0085,1,WP_0026,48,2
ORD_0190,SKU_0119,1,WP_0027,48,3
ORD_0192,SKU_0035,1,WP_0037,48,4
ORD_0190,SKU_0185,1,WP_0044,48,5
ORD_0191,SKU_0283,1,WP_0057,48,6
ORD_0189,SKU_0043,1,WP_0064,48,7
ORD_0192,SKU_0210,1,WP_0095,48,8
ORD_0190,SKU_0175,1,WP_0108,48,9
ORD_0192,SKU_0324,1,WP_0112,48,10
ORD_0190,SKU_0230,1,WP_0122,48,11
ORD_0192,SKU_0257,1,WP_0160,48,12
ORD_0189,SKU_0292,1,WP_0164,48,13
ORD_0195,SKU_0083,1,WP_0012,49,1
ORD_0196,SKU_0141,1,WP_0045,49,2
ORD_0195,SKU_0244,1,WP_0058,49,3
ORD_0194,SKU_0044,1,WP_0063,49,4
ORD_0196,SKU_0044,1,WP_0063,49,5
ORD_0196,SKU_0073,1,WP_0065,49,6
ORD_0195,SKU_0239,1,WP_0069,49,7
ORD_0195,SKU_0156,1,WP_0074,49,8
ORD_0193,SKU_0128,1,WP_0090,49,9
ORD_0194,SKU_0102,1,WP_0105,49,10
ORD_0196,SKU_0311,1,WP_0129,49,11
ORD_0195,SKU_0206,1,WP_0148,49,12
ORD_0198,SKU_0053,1,WP_0011,50,1
ORD_0199,SKU_0069,1,WP_0033,50,2
ORD_0200,SKU_0070,1,WP_0047,50,3
ORD_0200,SKU_0021,1,WP_0050,50,4
ORD_0199,SKU_0284,1,WP_0057,50,5
ORD_0199,SKU_0246,1,WP_0058,50,6
ORD_0200,SKU_0201,1,WP_0059,50,7
ORD_0199,SKU_0075,1,WP_0062,50,8
ORD_0197,SKU_0279,1,WP_0070,50,9
ORD_0198,SKU_0155,1,WP_0074,50,10
ORD_0199,SKU_0050,1,WP_0077,50,11
ORD_0200,SKU_0214,1,WP_0109,50,12
ORD_0198,SKU_0238,1,WP_0131,50,13
ORD_0198,SKU_0312,1,WP_0151,50,14
ORD_0203,SKU_0089,1,WP_0003,51,1
ORD_0203,SKU_0027,1,WP_0010,51,2
ORD_0204,SKU_0018,1,WP_0036,51,3
ORD_0201,SKU_0035,1,WP_0037,51,4
ORD_0204,SKU_0202,1,WP_0059,51,5
ORD_0203,SKU_0048,1,WP_0078,51,6
ORD_0202,SKU_0216,1,WP_0102,51,7
ORD_0203,SKU_0232,1,WP_0117,51,8
ORD_0202,SKU_0145,1,WP_0119,51,9
ORD_0201,SKU_0220,1,WP_0161,51,10
ORD_0208,SKU_0089,1,WP_0003,52,1
ORD_0206,SKU_0051,1,WP_0011,52,2
ORD_0206,SKU_0138,1,WP_0031,52,3
ORD_0205,SKU_0106,1,WP_0032,52,4
ORD_0208,SKU_0101,1,WP_0053,52,5
ORD_0207,SKU_0181,1,WP_0055,52,6
ORD_0208,SKU_0189,1,WP_0118,52,7
ORD_0205,SKU_0059,1,WP_0127,52,8
ORD_0208,SKU_0277,1,WP_0130,52,9
ORD_0206,SKU_0195,1,WP_0132,52,10
ORD_0212,SKU_0172,1,WP_0015,53,1
ORD_0211,SKU_0139,1,WP_0031,53,2
ORD_0210,SKU_0020,1,WP_0035,53,3
ORD_0211,SKU_0185,1,WP_0044,53,4
ORD_0212,SKU_0024,1,WP_0049,53,5
ORD_0210,SKU_0246,1,WP_0058,53,6
ORD_0209,SKU_0113,1,WP_0080,53,7
ORD_0212,SKU_0175,1,WP_0108,53,8
ORD_0209,SKU_0237,1,WP_0131,53,9
ORD_0210,SKU_0308,1,WP_0138,53,10
ORD_0209,SKU_0318,1,WP_0158,53,11
ORD_0209,SKU_0218,1,WP_0162,53,12
ORD_0216,SKU_0016,1,WP_0020,54,1
ORD_0214,SKU_0007,1,WP_0021,54,2
ORD_0215,SKU_0061,1,WP_0038,54,3
ORD_0214,SKU_0107,1,WP_0046,54,4
ORD_0216,SKU_0066,1,WP_0052,54,5
ORD_0214,SKU_0279,1,WP_0070,54,6
ORD_0215,SKU_0285,1,WP_0071,54,7
ORD_0216,SKU_0199,1,WP_0082,54,8
ORD_0214,SKU_0099,1,WP_0106,54,9
ORD_0214,SKU_0306,1,WP_0115,54,10
ORD_0216,SKU_0304,1,WP_0124,54,11
ORD_0216,SKU_0207,1,WP_0147,54,12
ORD_0213,SKU_0255,1,WP_0163,54,13
ORD_0219,SKU_0014,1,WP_0006,55,1
ORD_0217,SKU_0005,1,WP_0022,55,2
ORD_0217,SKU_0139,1,WP_0031,55,3
ORD_0217,SKU_0061,1,WP_0038,55,4
ORD_0220,SKU_0227,1,WP_0043,55,5
ORD_0220,SKU_0182,1,WP_0055,55,6
ORD_0218,SKU_0199,1,WP_0082,55,7
ORD_0219,SKU_0336,1,WP_0114,55,8
ORD_0217,SKU_0189,1,WP_0118,55,9
ORD_0219,SKU_0189,1,WP_0118,55,10
ORD_0217,SKU_0309,1,WP_0138,55,11
ORD_0219,SKU_0315,1,WP_0144,55,12
ORD_0220,SKU_0217,1,WP_0162,55,13
ORD_0222,SKU_0028,1,WP_0024,56,1
ORD_0223,SKU_0085,1,WP_0026,56,2
ORD_0224,SKU_0135,1,WP_0040,56,3
ORD_0222,SKU_0040,1,WP_0048,56,4
ORD_0223,SKU_0182,1,WP_0055,56,5
ORD_0222,SKU_0246,1,WP_0058,56,6
ORD_0221,SKU_0151,1,WP_0060,56,7
ORD_0223,SKU_0298,1,WP_0111,56,8
ORD_0221,SKU_0322,1,WP_0142,56,9
ORD_0223,SKU_0291,1,WP_0145,56,10
ORD_0225,SKU_0093,1,WP_0017,57,1
ORD_0225,SKU_0162,1,WP_0028,57,2
ORD_0228,SKU_0108,1,WP_0046,57,3
ORD_0228,SKU_0101,1,WP_0053,57,4
ORD_0227,SKU_0201,1,WP_0059,57,5
ORD_0225,SKU_0279,1,WP_0070,57,6
ORD_0227,SKU_0262,1,WP_0096,57,7
ORD_0226,SKU_0132,1,WP_0104,57,8
ORD_0228,SKU_0273,1,WP_0116,57,9
ORD_0228,SKU_0235,1,WP_0136,57,10
ORD_0227,SKU_0248,1,WP_0143,57,11
ORD_0227,SKU_0254,1,WP_0146,57,12
ORD_0231,SKU_0184,1,WP_0030,58,1
ORD_0229,SKU_0017,1,WP_0036,58,2
ORD_0232,SKU_0151,1,WP_0060,58,3
ORD_0230,SKU_0045,1,WP_0063,58,4
ORD_0231,SKU_0300,1,WP_0086,58,5
ORD_0229,SKU_0262,1,WP_0096,58,6
ORD_0232,SKU_0241,1,WP_0113,58,7
ORD_0231,SKU_0187,1,WP_0121,58,8
ORD_0231,SKU_0157,1,WP_0133,58,9
ORD_0230,SKU_0192,1,WP_0135,58,10
ORD_0232,SKU_0198,1,WP_0141,58,11
ORD_0229,SKU_0258,1,WP_0160,58,12
ORD_0233,SKU_0031,1,WP_0005,59,1
ORD_0233,SKU_0013,1,WP_0006,59,2
ORD_0234,SKU_0012,1,WP_0023,59,3
ORD_0233,SKU_0209,1,WP_0095,59,4
ORD_0233,SKU_0103,1,WP_0105,59,5
ORD_0233,SKU_0315,1,WP_0144,59,6
ORD_0235,SKU_0252,1,WP_0149,59,7
ORD_0235,SKU_0288,1,WP_0150,59,8
ORD_0235,SKU_0313,1,WP_0151,59,9
ORD_0236,SKU_0082,1,WP_0167,59,10
ORD_0238,SKU_0004,1,WP_0007,60,1
ORD_0238,SKU_0058,1,WP_0018,60,2
ORD_0237,SKU_0016,1,WP_0020,60,3
ORD_0238,SKU_0035,1,WP_0037,60,4
ORD_0239,SKU_0043,1,WP_0064,60,5
ORD_0240,SKU_0204,1,WP_0073,60,6
ORD_0238,SKU_0300,1,WP_0086,60,7
ORD_0240,SKU_0091,1,WP_0092,60,8
ORD_0240,SKU_0166,1,WP_0094,60,9
ORD_0238,SKU_0146,1,WP_0113,60,10
ORD_0239,SKU_0229,1,WP_0122,60,11
ORD_0239,SKU_0271,1,WP_0123,60,12
ORD_0237,SKU_0208,1,WP_0147,60,13
ORD_0241,SKU_0127,1,WP_0016,61,1
ORD_0241,SKU_0126,1,WP_0016,61,2
ORD_0241,SKU_0246,1,WP_0058,61,3
ORD_0244,SKU_0109,1,WP_0066,61,4
ORD_0244,SKU_0116,1,WP_0075,61,5
ORD_0242,SKU_0300,1,WP_0086,61,6
ORD_0243,SKU_0091,1,WP_0092,61,7
ORD_0244,SKU_0325,1,WP_0112,61,8
ORD_0241,SKU_0230,1,WP_0122,61,9
ORD_0241,SKU_0261,1,WP_0127,61,10
ORD_0243,SKU_0153,1,WP_0134,61,11
ORD_0244,SKU_0288,1,WP_0150,61,12
ORD_0244,SKU_0316,1,WP_0165,61,13
ORD_0246,SKU_0161,1,WP_0014,62,1
ORD_0246,SKU_0015,1,WP_0020,62,2
ORD_0248,SKU_0055,1,WP_0025,62,3
ORD_0247,SKU_0020,1,WP_0035,62,4
ORD_0248,SKU_0135,1,WP_0040,62,5
ORD_0247,SKU_0075,1,WP_0062,62,6
ORD_0248,SKU_0147,1,WP_0067,62,7
ORD_0245,SKU_0079,1,WP_0079,62,8
ORD_0245,SKU_0149,1,WP_0081,62,9
ORD_0246,SKU_0243,1,WP_0083,62,10
ORD_0246,SKU_0282,1,WP_0084,62,11
ORD_0247,SKU_0125,1,WP_0093,62,12
ORD_0248,SKU_0302,1,WP_0100,62,13
ORD_0247,SKU_0232,1,WP_0117,62,14
ORD_0247,SKU_0289,1,WP_0150,62,15
ORD_0251,SKU_0002,1,WP_0008,63,1
ORD_0252,SKU_0033,1,WP_0019,63,2
ORD_0249,SKU_0029,1,WP_0024,63,3
ORD_0249,SKU_0067,1,WP_0052,63,4
ORD_0249,SKU_0182,1,WP_0055,63,5
ORD_0250,SKU_0110,1,WP_0066,63,6
ORD_0249,SKU_0210,1,WP_0095,63,7
ORD_0254,SKU_0004,1,WP_0007,64,1
ORD_0253,SKU_0118,1,WP_0013,64,2
ORD_0254,SKU_0085,1,WP_0026,64,3
ORD_0256,SKU_0228,1,WP_0043,64,4
ORD_0255,SKU_0141,1,WP_0045,64,5
ORD_0253,SKU_0041,1,WP_0048,64,6
ORD_0255,SKU_0100,1,WP_0053,64,7
ORD_0256,SKU_0043,1,WP_0064,64,8
ORD_0256,SKU_0109,1,WP_0066,64,9
ORD_0253,SKU_0250,1,WP_0072,64,10
ORD_0254,SKU_0050,1,WP_0077,64,11
ORD_0253,SKU_0094,1,WP_0091,64,12
ORD_0256,SKU_0090,1,WP_0092,64,13
ORD_0254,SKU_0176,1,WP_0108,64,14
ORD_0253,SKU_0265,1,WP_0110,64,15
ORD_0255,SKU_0192,1,WP_0135,64,16
ORD_0255,SKU_0275,1,WP_0137,64,17
ORD_0255,SKU_0171,1,WP_0140,64,18
ORD_0256,SKU_0218,1,WP_0162,64,19
ORD_0257,SKU_0057,1,WP_0004,65,1
ORD_0258,SKU_0117,1,WP_0013,65,2
ORD_0259,SKU_0118,1,WP_0013,65,3
ORD_0258,SKU_0126,1,WP_0016,65,4
ORD_0260,SKU_0029,1,WP_0024,65,5
ORD_0260,SKU_0163,1,WP_0028,65,6
ORD_0257,SKU_0140,1,WP_0045,65,7
ORD_0258,SKU_0224,1,WP_0056,65,8
ORD_0257,SKU_0112,1,WP_0061,65,9
ORD_0260,SKU_0178,1,WP_0103,65,10
ORD_0259,SKU_0188,1,WP_0121,65,11
ORD_0258,SKU_0330,1,WP_0125,65,12
ORD_0260,SKU_0238,1,WP_0131,65,13
ORD_0260,SKU_0193,1,WP_0132,65,14
ORD_0259,SKU_0333,1,WP_0139,65,15
ORD_0262,SKU_0170,1,WP_0015,66,1
ORD_0262,SKU_0134,1,WP_0040,66,2
ORD_0264,SKU_0186,1,WP_0044,66,3
ORD_0262,SKU_0025,1,WP_0049,66,4
ORD_0263,SKU_0244,1,WP_0058,66,5
ORD_0264,SKU_0280,1,WP_0070,66,6
ORD_0262,SKU_0094,1,WP_0091,66,7
ORD_0261,SKU_0265,1,WP_0110,66,8
ORD_0264,SKU_0299,1,WP_0111,66,9
ORD_0264,SKU_0143,1,WP_0120,66,10
ORD_0267,SKU_0127,1,WP_0016,67,1
ORD_0265,SKU_0029,1,WP_0024,67,2
ORD_0268,SKU_0284,1,WP_0057,67,3
ORD_0266,SKU_0150,1,WP_0081,67,4
ORD_0266,SKU_0243,1,WP_0083,67,5
ORD_0268,SKU_0282,1,WP_0084,67,6
ORD_0265,SKU_0173,1,WP_0089,67,7
ORD_0265,SKU_0132,1,WP_0104,67,8
ORD_0267,SKU_0131,1,WP_0107,67,9
ORD_0265,SKU_0145,1,WP_0119,67,10
ORD_0265,SKU_0311,1,WP_0129,67,11
ORD_0266,SKU_0313,1,WP_0151,67,12
ORD_0267,SKU_0124,1,WP_0156,67,13
ORD_0272,SKU_0085,1,WP_0026,68,1
ORD_0270,SKU_0228,1,WP_0043,68,2
ORD_0271,SKU_0262,1,WP_0096,68,3
ORD_0272,SKU_0302,1,WP_0100,68,4
ORD_0270,SKU_0325,1,WP_0112,68,5
ORD_0269,SKU_0158,1,WP_0133,68,6
ORD_0271,SKU_0236,1,WP_0136,68,7
ORD_0272,SKU_0078,1,WP_0143,68,8
ORD_0272,SKU_0289,1,WP_0150,68,9
ORD_0269,SKU_0313,1,WP_0151,68,10
ORD_0271,SKU_0105,1,WP_0154,68,11
ORD_0269,SKU_0160,1,WP_0157,68,12
ORD_0269,SKU_0295,1,WP_0159,68,13
ORD_0273,SKU_0034,1,WP_0037,69,1
ORD_0273,SKU_0066,1,WP_0052,69,2
ORD_0274,SKU_0049,1,WP_0077,69,3
ORD_0276,SKU_0263,1,WP_0087,69,4
ORD_0273,SKU_0297,1,WP_0097,69,5
ORD_0275,SKU_0177,1,WP_0103,69,6
ORD_0274,SKU_0157,1,WP_0133,69,7
ORD_0273,SKU_0258,1,WP_0160,69,8
ORD_0279,SKU_0172,1,WP_0015,70,1
ORD_0277,SKU_0060,1,WP_0018,70,2
ORD_0278,SKU_0107,1,WP_0046,70,3
ORD_0278,SKU_0284,1,WP_0057,70,4
ORD_0278,SKU_0151,1,WP_0060,70,5
ORD_0278,SKU_0113,1,WP_0080,70,6
ORD_0280,SKU_0296,1,WP_0097,70,7
ORD_0280,SKU_0133,1,WP_0104,70,8
ORD_0280,SKU_0176,1,WP_0108,70,9
ORD_0280,SKU_0331,1,WP_0125,70,10
ORD_0279,SKU_0233,1,WP_0142,70,11
ORD_0284,SKU_0121,1,WP_0002,71,1
ORD_0282,SKU_0221,1,WP_0042,71,2
ORD_0283,SKU_0227,1,WP_0043,71,3
ORD_0284,SKU_0110,1,WP_0066,71,4
ORD_0281,SKU_0247,1,WP_0072,71,5
ORD_0284,SKU_0199,1,WP_0082,71,6
ORD_0284,SKU_0243,1,WP_0083,71,7
ORD_0281,SKU_0326,1,WP_0085,71,8
ORD_0281,SKU_0102,1,WP_0105,71,9
ORD_0282,SKU_0131,1,WP_0107,71,10
ORD_0281,SKU_0175,1,WP_0108,71,11
ORD_0282,SKU_0324,1,WP_0112,71,12
ORD_0283,SKU_0336,1,WP_0114,71,13
ORD_0282,SKU_0234,1,WP_0117,71,14
ORD_0281,SKU_0191,1,WP_0135,71,15
ORD_0283,SKU_0334,1,WP_0139,71,16
ORD_0284,SKU_0205,1,WP_0148,71,17
ORD_0282,SKU_0278,1,WP_0152,71,18
ORD_0283,SKU_0258,1,WP_0160,71,19
ORD_0285,SKU_0119,1,WP_0027,72,1
ORD_0285,SKU_0068,1,WP_0033,72,2
ORD_0287,SKU_0096,1,WP_0039,72,3
ORD_0287,SKU_0227,1,WP_0043,72,4
ORD_0285,SKU_0021,1,WP_0050,72,5
ORD_0287,SKU_0173,1,WP_0089,72,6
ORD_0288,SKU_0190,1,WP_0118,72,7
ORD_0286,SKU_0269,1,WP_0123,72,8
ORD_0287,SKU_0169,1,WP_0128,72,9
ORD_0285,SKU_0294,1,WP_0159,72,10
ORD_0292,SKU_0010,1,WP_0009,73,1
ORD_0291,SKU_0180,1,WP_0041,73,2
ORD_0289,SKU_0041,1,WP_0048,73,3
ORD_0290,SKU_0181,1,WP_0055,73,4
ORD_0290,SKU_0074,1,WP_0065,73,5
ORD_0289,SKU_0156,1,WP_0074,73,6
ORD_0292,SKU_0174,1,WP_0089,73,7
ORD_0289,SKU_0123,1,WP_0093,73,8
ORD_0291,SKU_0260,1,WP_0096,73,9
ORD_0290,SKU_0098,1,WP_0106,73,10
ORD_0292,SKU_0143,1,WP_0120,73,11
ORD_0292,SKU_0072,1,WP_0126,73,12
ORD_0290,SKU_0169,1,WP_0128,73,13
ORD_0290,SKU_0237,1,WP_0131,73,14
ORD_0292,SKU_0192,1,WP_0135,73,15
ORD_0289,SKU_0253,1,WP_0146,73,16
ORD_0295,SKU_0028,1,WP_0024,74,1
ORD_0293,SKU_0184,1,WP_0030,74,2
ORD_0293,SKU_0139,1,WP_0031,74,3
ORD_0293,SKU_0096,1,WP_0039,74,4
ORD_0296,SKU_0071,1,WP_0047,74,5
ORD_0294,SKU_0296,1,WP_0097,74,6
ORD_0293,SKU_0131,1,WP_0107,74,7
ORD_0296,SKU_0332,1,WP_0155,74,8
ORD_0298,SKU_0093,1,WP_0017,75,1
ORD_0298,SKU_0100,1,WP_0053,75,2
ORD_0298,SKU_0305,1,WP_0124,75,3
ORD_0297,SKU_0331,1,WP_0125,75,4
ORD_0299,SKU_0198,1,WP_0141,75,5
ORD_0298,SKU_0218,1,WP_0162,75,6
ORD_0300,SKU_0086,1,WP_0168,75,7
ORD_0301,SKU_0027,1,WP_0010,76,1
ORD_0303,SKU_0007,1,WP_0021,76,2
ORD_0302,SKU_0021,1,WP_0050,76,3
ORD_0303,SKU_0039,1,WP_0051,76,4
ORD_0302,SKU_0080,1,WP_0076,76,5
ORD_0304,SKU_0079,1,WP_0079,76,6
ORD_0301,SKU_0210,1,WP_0095,76,7
ORD_0302,SKU_0158,1,WP_0133,76,8
ORD_0306,SKU_0036,1,WP_0034,77,1
ORD_0308,SKU_0227,1,WP_0043,77,2
ORD_0307,SKU_0185,1,WP_0044,77,3
ORD_0306,SKU_0042,1,WP_0064,77,4
ORD_0307,SKU_0279,1,WP_0070,77,5
ORD_0308,SKU_0286,1,WP_0071,77,6
ORD_0306,SKU_0150,1,WP_0081,77,7
ORD_0305,SKU_0166,1,WP_0094,77,8
ORD_0306,SKU_0296,1,WP_0097,77,9
ORD_0307,SKU_0318,1,WP_0158,77,10
ORD_0305,SKU_0219,1,WP_0161,77,11
ORD_0311,SKU_0002,1,WP_0008,78,1
ORD_0311,SKU_0084,1,WP_0012,78,2
ORD_0311,SKU_0184,1,WP_0030,78,3
ORD_0309,SKU_0106,1,WP_0032,78,4
ORD_0312,SKU_0042,1,WP_0064,78,5
ORD_0309,SKU_0247,1,WP_0072,78,6
ORD_0311,SKU_0090,1,WP_0092,78,7
ORD_0310,SKU_0259,1,WP_0156,78,8
ORD_0310,SKU_0168,1,WP_0157,78,9
ORD_0309,SKU_0257,1,WP_0160,78,10
ORD_0316,SKU_0164,1,WP_0001,79,1
ORD_0316,SKU_0014,1,WP_0006,79,2
ORD_0314,SKU_0202,1,WP_0059,79,3
ORD_0313,SKU_0075,1,WP_0062,79,4
ORD_0316,SKU_0149,1,WP_0081,79,5
ORD_0316,SKU_0327,1,WP_0085,79,6
ORD_0313,SKU_0209,1,WP_0095,79,7
ORD_0315,SKU_0320,1,WP_0098,79,8
ORD_0313,SKU_0178,1,WP_0103,79,9
ORD_0313,SKU_0146,1,WP_0113,79,10
ORD_0316,SKU_0192,1,WP_0135,79,11
ORD_0315,SKU_0254,1,WP_0146,79,12
ORD_0314,SKU_0257,1,WP_0160,79,13
ORD_0318,SKU_0013,1,WP_0006,80,1
ORD_0320,SKU_0003,1,WP_0007,80,2
ORD_0320,SKU_0053,1,WP_0011,80,3
ORD_0318,SKU_0170,1,WP_0015,80,4
ORD_0317,SKU_0011,1,WP_0023,80,5
ORD_0320,SKU_0085,1,WP_0026,80,6
ORD_0318,SKU_0106,1,WP_0032,80,7
ORD_0320,SKU_0035,1,WP_0037,80,8
ORD_0317,SKU_0097,1,WP_0039,80,9
ORD_0318,SKU_0147,1,WP_0067,80,10
ORD_0319,SKU_0196,1,WP_0068,80,11
ORD_0320,SKU_0142,1,WP_0120,80,12
ORD_0319,SKU_0330,1,WP_0125,80,13
ORD_0318,SKU_0318,1,WP_0158,80,14
ORD_0323,SKU_0088,1,WP_0003,81,1
ORD_0323,SKU_0092,1,WP_0017,81,2
ORD_0323,SKU_0032,1,WP_0019,81,3
ORD_0323,SKU_0067,1,WP_0052,81,4
ORD_0321,SKU_0080,1,WP_0076,81,5
ORD_0324,SKU_0047,1,WP_0078,81,6
ORD_0322,SKU_0319,1,WP_0158,81,7
ORD_0323,SKU_0295,1,WP_0159,81,8
ORD_0327,SKU_0069,1,WP_0033,82,1
ORD_0328,SKU_0221,1,WP_0042,82,2
ORD_0326,SKU_0129,1,WP_0090,82,3
ORD_0326,SKU_0305,1,WP_0124,82,4
ORD_0327,SKU_0330,1,WP_0125,82,5
ORD_0327,SKU_0310,1,WP_0129,82,6
ORD_0327,SKU_0153,1,WP_0134,82,7
ORD_0325,SKU_0333,1,WP_0139,82,8
ORD_0330,SKU_0002,1,WP_0008,83,1
ORD_0332,SKU_0118,1,WP_0013,83,2
ORD_0331,SKU_0055,1,WP_0025,83,3
ORD_0331,SKU_0139,1,WP_0031,83,4
ORD_0329,SKU_0017,1,WP_0036,83,5
ORD_0331,SKU_0018,1,WP_0036,83,6
ORD_0330,SKU_0070,1,WP_0047,83,7
ORD_0331,SKU_0152,1,WP_0060,83,8
ORD_0330,SKU_0242,1,WP_0083,83,9
ORD_0329,SKU_0264,1,WP_0087,83,10
ORD_0331,SKU_0304,1,WP_0124,83,11
ORD_0329,SKU_0331,1,WP_0125,83,12
ORD_0332,SKU_0251,1,WP_0149,83,13
ORD_0329,SKU_0052,1,WP_0166,83,14
ORD_0334,SKU_0126,1,WP_0016,84,1
ORD_0334,SKU_0184,1,WP_0030,84,2
ORD_0336,SKU_0227,1,WP_0043,84,3
ORD_0333,SKU_0182,1,WP_0055,84,4
ORD_0334,SKU_0112,1,WP_0061,84,5
ORD_0334,SKU_0074,1,WP_0065,84,6
ORD_0335,SKU_0155,1,WP_0074,84,7
ORD_0334,SKU_0262,1,WP_0096,84,8
ORD_0335,SKU_0216,1,WP_0102,84,9
ORD_0336,SKU_0195,1,WP_0132,84,10
ORD_0335,SKU_0205,1,WP_0148,84,11
ORD_0339,SKU_0183,1,WP_0030,85,1
ORD_0338,SKU_0075,1,WP_0062,85,2
ORD_0340,SKU_0049,1,WP_0077,85,3
ORD_0340,SKU_0150,1,WP_0081,85,4
ORD_0340,SKU_0130,1,WP_0107,85,5
ORD_0338,SKU_0059,1,WP_0127,85,6
ORD_0338,SKU_0237,1,WP_0131,85,7
ORD_0339,SKU_0208,1,WP_0147,85,8
ORD_0337,SKU_0295,1,WP_0159,85,9
ORD_0341,SKU_0007,1,WP_0021,86,1
ORD_0344,SKU_0106,1,WP_0032,86,2
ORD_0344,SKU_0180,1,WP_0041,86,3
ORD_0341,SKU_0071,1,WP_0047,86,4
ORD_0341,SKU_0040,1,WP_0048,86,5
ORD_0341,SKU_0246,1,WP_0058,86,6
ORD_0344,SKU_0239,1,WP_0069,86,7
ORD_0342,SKU_0125,1,WP_0093,86,8
ORD_0344,SKU_0166,1,WP_0094,86,9
ORD_0343,SKU_0297,1,WP_0097,86,10
ORD_0344,SKU_0328,1,WP_0099,86,11
ORD_0341,SKU_0325,1,WP_0112,86,12
ORD_0343,SKU_0189,1,WP_0118,86,13
ORD_0343,SKU_0145,1,WP_0119,86,14
ORD_0348,SKU_0015,1,WP_0020,87,1
ORD_0348,SKU_0226,1,WP_0029,87,2
ORD_0346,SKU_0183,1,WP_0030,87,3
ORD_0346,SKU_0139,1,WP_0031,87,4
ORD_0347,SKU_0141,1,WP_0045,87,5
ORD_0346,SKU_0107,1,WP_0046,87,6
ORD_0345,SKU_0042,1,WP_0064,87,7
ORD_0347,SKU_0116,1,WP_0075,87,8
ORD_0346,SKU_0077,1,WP_0079,87,9
ORD_0348,SKU_0099,1,WP_0106,87,10
ORD_0346,SKU_0255,1,WP_0163,87,11
ORD_0351,SKU_0121,1,WP_0002,88,1
ORD_0350,SKU_0029,1,WP_0024,88,2
ORD_0349,SKU_0162,1,WP_0028,88,3
ORD_0351,SKU_0021,1,WP_0050,88,4
ORD_0352,SKU_0067,1,WP_0052,88,5
ORD_0352,SKU_0044,1,WP_0063,88,6
ORD_0352,SKU_0109,1,WP_0066,88,7
ORD_0350,SKU_0115,1,WP_0075,88,8
ORD_0351,SKU_0079,1,WP_0079,88,9
ORD_0349,SKU_0199,1,WP_0082,88,10
ORD_0352,SKU_0095,1,WP_0091,88,11
ORD_0351,SKU_0230,1,WP_0122,88,12
ORD_0352,SKU_0255,1,WP_0163,88,13
ORD_0355,SKU_0088,1,WP_0003,89,1
ORD_0354,SKU_0030,1,WP_0005,89,2
ORD_0354,SKU_0120,1,WP_0027,89,3
ORD_0353,SKU_0036,1,WP_0034,89,4
ORD_0354,SKU_0179,1,WP_0041,89,5
ORD_0356,SKU_0222,1,WP_0042,89,6
ORD_0355,SKU_0023,1,WP_0050,89,7
ORD_0355,SKU_0066,1,WP_0052,89,8
ORD_0356,SKU_0067,1,WP_0052,89,9
ORD_0355,SKU_0242,1,WP_0083,89,10
ORD_0355,SKU_0128,1,WP_0090,89,11
ORD_0360,SKU_0011,1,WP_0023,90,1
ORD_0358,SKU_0139,1,WP_0031,90,2
ORD_0358,SKU_0020,1,WP_0035,90,3
ORD_0358,SKU_0062,1,WP_0038,90,4
ORD_0359,SKU_0186,1,WP_0044,90,5
ORD_0360,SKU_0152,1,WP_0060,90,6
ORD_0357,SKU_0156,1,WP_0074,90,7
ORD_0360,SKU_0080,1,WP_0076,90,8
ORD_0359,SKU_0174,1,WP_0089,90,9
ORD_0359,SKU_0299,1,WP_0111,90,10
ORD_0359,SKU_0334,1,WP_0139,90,11
ORD_0360,SKU_0207,1,WP_0147,90,12
ORD_0363,SKU_0037,1,WP_0034,91,1
ORD_0364,SKU_0137,1,WP_0054,91,2
ORD_0364,SKU_0201,1,WP_0059,91,3
ORD_0364,SKU_0115,1,WP_0075,91,4
ORD_0362,SKU_0199,1,WP_0082,91,5
ORD_0364,SKU_0282,1,WP_0084,91,6
ORD_0364,SKU_0090,1,WP_0092,91,7
ORD_0362,SKU_0143,1,WP_0120,91,8
ORD_0361,SKU_0331,1,WP_0125,91,9
ORD_0362,SKU_0312,1,WP_0151,91,10
ORD_0368,SKU_0223,1,WP_0056,92,1
ORD_0365,SKU_0261,1,WP_0127,92,2
ORD_0367,SKU_0310,1,WP_0129,92,3
ORD_0366,SKU_0293,1,WP_0164,92,4
ORD_0372,SKU_0060,1,WP_0018,93,1
ORD_0371,SKU_0008,1,WP_0021,93,2
ORD_0369,SKU_0180,1,WP_0041,93,3
ORD_0369,SKU_0066,1,WP_0052,93,4
ORD_0372,SKU_0197,1,WP_0068,93,5
ORD_0371,SKU_0335,1,WP_0114,93,6
ORD_0371,SKU_0310,1,WP_0129,93,7
ORD_0370,SKU_0277,1,WP_0130,93,8
ORD_0373,SKU_0032,1,WP_0019,94,1
ORD_0376,SKU_0062,1,WP_0038,94,2
ORD_0376,SKU_0100,1,WP_0053,94,3
ORD_0375,SKU_0239,1,WP_0069,94,4
ORD_0374,SKU_0264,1,WP_0087,94,5
ORD_0375,SKU_0123,1,WP_0093,94,6
ORD_0375,SKU_0303,1,WP_0100,94,7
ORD_0376,SKU_0229,1,WP_0122,94,8
ORD_0374,SKU_0238,1,WP_0131,94,9
ORD_0376,SKU_0288,1,WP_0150,94,10
ORD_0376,SKU_0255,1,WP_0163,94,11
ORD_0375,SKU_0317,1,WP_0165,94,12
ORD_0379,SKU_0127,1,WP_0016,95,1
ORD_0380,SKU_0141,1,WP_0045,95,2
ORD_0379,SKU_0202,1,WP_0059,95,3
ORD_0380,SKU_0204,1,WP_0073,95,4
ORD_0378,SKU_0143,1,WP_0120,95,5
ORD_0377,SKU_0220,1,WP_0161,95,6
ORD_0377,SKU_0292,1,WP_0164,95,7
ORD_0382,SKU_0027,1,WP_0010,96,1
ORD_0381,SKU_0117,1,WP_0013,96,2
ORD_0384,SKU_0196,1,WP_0068,96,3
ORD_0382,SKU_0156,1,WP_0074,96,4
ORD_0384,SKU_0116,1,WP_0075,96,5
ORD_0384,SKU_0215,1,WP_0102,96,6
ORD_0381,SKU_0131,1,WP_0107,96,7
ORD_0384,SKU_0266,1,WP_0110,96,8
ORD_0382,SKU_0190,1,WP_0118,96,9
ORD_0383,SKU_0188,1,WP_0121,96,10
ORD_0382,SKU_0319,1,WP_0158,96,11
ORD_0388,SKU_0170,1,WP_0015,97,1
ORD_0385,SKU_0163,1,WP_0028,97,2
ORD_0387,SKU_0135,1,WP_0040,97,3
ORD_0387,SKU_0067,1,WP_0052,97,4
ORD_0388,SKU_0264,1,WP_0087,97,5
ORD_0388,SKU_0323,1,WP_0098,97,6
ORD_0386,SKU_0215,1,WP_0102,97,7
ORD_0385,SKU_0103,1,WP_0105,97,8
ORD_0386,SKU_0189,1,WP_0118,97,9
ORD_0386,SKU_0269,1,WP_0123,97,10
ORD_0385,SKU_0195,1,WP_0132,97,11
ORD_0388,SKU_0321,1,WP_0141,97,12
ORD_0386,SKU_0254,1,WP_0146,97,13
ORD_0386,SKU_0316,1,WP_0165,97,14
ORD_0392,SKU_0030,1,WP_0005,98,1
ORD_0392,SKU_0051,1,WP_0011,98,2
ORD_0389,SKU_0007,1,WP_0021,98,3
ORD_0391,SKU_0184,1,WP_0030,98,4
ORD_0392,SKU_0040,1,WP_0048,98,5
ORD_0390,SKU_0283,1,WP_0057,98,6
ORD_0392,SKU_0148,1,WP_0067,98,7
ORD_0391,SKU_0116,1,WP_0075,98,8
ORD_0389,SKU_0187,1,WP_0121,98,9
ORD_0389,SKU_0305,1,WP_0124,98,10
ORD_0389,SKU_0206,1,WP_0148,98,11
ORD_0391,SKU_0313,1,WP_0151,98,12
ORD_0389,SKU_0256,1,WP_0163,98,13
ORD_0396,SKU_0162,1,WP_0028,99,1
ORD_0394,SKU_0135,1,WP_0040,99,2
ORD_0393,SKU_0066,1,WP_0052,99,3
ORD_0393,SKU_0247,1,WP_0072,99,4
ORD_0395,SKU_0242,1,WP_0083,99,5
ORD_0394,SKU_0326,1,WP_0085,99,6
ORD_0396,SKU_0264,1,WP_0087,99,7
ORD_0393,SKU_0129,1,WP_0090,99,8
ORD_0394,SKU_0129,1,WP_0090,99,9
ORD_0393,SKU_0277,1,WP_0130,99,10
ORD_0395,SKU_0288,1,WP_0150,99,11
ORD_0393,SKU_0318,1,WP_0158,99,12
ORD_0398,SKU_0104,1,WP_0032,100,1
ORD_0399,SKU_0036,1,WP_0034,100,2
ORD_0400,SKU_0021,1,WP_0050,100,3
ORD_0399,SKU_0181,1,WP_0055,100,4
ORD_0398,SKU_0110,1,WP_0066,100,5
ORD_0397,SKU_0247,1,WP_0072,100,6
ORD_0399,SKU_0303,1,WP_0100,100,7
ORD_0399,SKU_0229,1,WP_0122,100,8
ORD_0397,SKU_0191,1,WP_0135,100,9
ORD_0400,SKU_0236,1,WP_0136,100,10
ORD_0399,SKU_0308,1,WP_0138,100,11
ORD_0398,SKU_0256,1,WP_0163,100,12
ORD_0400,SKU_0256,1,WP_0163,100,13
ORD_0400,SKU_0194,1,WP_0166,100,14
ORD_0402,SKU_0004,1,WP_0007,101,1
ORD_0404,SKU_0161,1,WP_0014,101,2
ORD_0403,SKU_0085,1,WP_0026,101,3
ORD_0402,SKU_0225,1,WP_0029,101,4
ORD_0402,SKU_0040,1,WP_0048,101,5
ORD_0401,SKU_0024,1,WP_0049,101,6
ORD_0403,SKU_0044,1,WP_0063,101,7
ORD_0402,SKU_0081,1,WP_0076,101,8
ORD_0402,SKU_0301,1,WP_0086,101,9
ORD_0403,SKU_0099,1,WP_0106,101,10
ORD_0403,SKU_0266,1,WP_0110,101,11
ORD_0404,SKU_0265,1,WP_0110,101,12
ORD_0404,SKU_0314,1,WP_0144,101,13
ORD_0404,SKU_0314,1,WP_0144,101,14
ORD_0403,SKU_0208,1,WP_0147,101,15
ORD_0408,SKU_0121,1,WP_0002,102,1
ORD_0405,SKU_0033,1,WP_0019,102,2
ORD_0406,SKU_0054,1,WP_0025,102,3
ORD_0407,SKU_0138,1,WP_0031,102,4
ORD_0407,SKU_0019,1,WP_0035,102,5
ORD_0406,SKU_0041,1,WP_0048,102,6
ORD_0407,SKU_0045,1,WP_0063,102,7
ORD_0408,SKU_0043,1,WP_0064,102,8
ORD_0407,SKU_0268,1,WP_0101,102,9
ORD_0406,SKU_0216,1,WP_0102,102,10
ORD_0407,SKU_0317,1,WP_0165,102,11
ORD_0409,SKU_0118,1,WP_0013,103,1
ORD_0409,SKU_0012,1,WP_0023,103,2
ORD_0412,SKU_0054,1,WP_0025,103,3
ORD_0412,SKU_0120,1,WP_0027,103,4
ORD_0410,SKU_0183,1,WP_0030,103,5
ORD_0410,SKU_0061,1,WP_0038,103,6
ORD_0411,SKU_0066,1,WP_0052,103,7
ORD_0409,SKU_0280,1,WP_0070,103,8
ORD_0412,SKU_0285,1,WP_0071,103,9
ORD_0409,SKU_0049,1,WP_0077,103,10
ORD_0411,SKU_0079,1,WP_0079,103,11
ORD_0409,SKU_0129,1,WP_0090,103,12
ORD_0412,SKU_0216,1,WP_0102,103,13
ORD_0411,SKU_0299,1,WP_0111,103,14
ORD_0410,SKU_0309,1,WP_0138,103,15
ORD_0412,SKU_0253,1,WP_0146,103,16
ORD_0416,SKU_0030,1,WP_0005,104,1
ORD_0413,SKU_0061,1,WP_0038,104,2
ORD_0414,SKU_0151,1,WP_0060,104,3
ORD_0413,SKU_0113,1,WP_0080,104,4
ORD_0416,SKU_0113,1,WP_0080,104,5
ORD_0414,SKU_0174,1,WP_0089,104,6
ORD_0416,SKU_0268,1,WP_0101,104,7
ORD_0415,SKU_0307,1,WP_0115,104,8
ORD_0417,SKU_0002,1,WP_0008,105,1
ORD_0420,SKU_0084,1,WP_0012,105,2
ORD_0417,SKU_0127,1,WP_0016,105,3
ORD_0419,SKU_0227,1,WP_0043,105,4
ORD_0420,SKU_0025,1,WP_0049,105,5
ORD_0418,SKU_0202,1,WP_0059,105,6
ORD_0419,SKU_0280,1,WP_0070,105,7
ORD_0420,SKU_0279,1,WP_0070,105,8
ORD_0417,SKU_0094,1,WP_0091,105,9
ORD_0418,SKU_0334,1,WP_0139,105,10
ORD_0419,SKU_0251,1,WP_0149,105,11
ORD_0417,SKU_0313,1,WP_0151,105,12
ORD_0417,SKU_0258,1,WP_0160,105,13
ORD_0421,SKU_0058,1,WP_0018,106,1
ORD_0424,SKU_0015,1,WP_0020,106,2
ORD_0424,SKU_0037,1,WP_0034,106,3
ORD_0423,SKU_0096,1,WP_0039,106,4
ORD_0423,SKU_0112,1,WP_0061,106,5
ORD_0424,SKU_0263,1,WP_0087,106,6
ORD_0424,SKU_0297,1,WP_0097,106,7
ORD_0422,SKU_0130,1,WP_0107,106,8
ORD_0424,SKU_0230,1,WP_0122,106,9
ORD_0422,SKU_0319,1,WP_0158,106,10
ORD_0426,SKU_0001,1,WP_0008,107,1
ORD_0426,SKU_0172,1,WP_0015,107,2
ORD_0425,SKU_0060,1,WP_0018,107,3
ORD_0428,SKU_0007,1,WP_0021,107,4
ORD_0425,SKU_0006,1,WP_0022,107,5
ORD_0428,SKU_0006,1,WP_0022,107,6
ORD_0426,SKU_0180,1,WP_0041,107,7
ORD_0427,SKU_0140,1,WP_0045,107,8
ORD_0426,SKU_0136,1,WP_0054,107,9
ORD_0427,SKU_0049,1,WP_0077,107,10
ORD_0428,SKU_0049,1,WP_0077,107,11
ORD_0425,SKU_0114,1,WP_0080,107,12
ORD_0426,SKU_0260,1,WP_0096,107,13
ORD_0425,SKU_0176,1,WP_0108,107,14
ORD_0428,SKU_0299,1,WP_0111,107,15
ORD_0428,SKU_0298,1,WP_0111,107,16
ORD_0427,SKU_0154,1,WP_0134,107,17
ORD_0427,SKU_0168,1,WP_0157,107,18
ORD_0432,SKU_0122,1,WP_0002,108,1
ORD_0431,SKU_0014,1,WP_0006,108,2
ORD_0430,SKU_0053,1,WP_0011,108,3
ORD_0430,SKU_0117,1,WP_0013,108,4
ORD_0430,SKU_0247,1,WP_0072,108,5
ORD_0431,SKU_0155,1,WP_0074,108,6
ORD_0429,SKU_0191,1,WP_0135,108,7
ORD_0430,SKU_0255,1,WP_0163,108,8
ORD_0433,SKU_0165,1,WP_0001,109,1
ORD_0436,SKU_0119,1,WP_0027,109,2
ORD_0436,SKU_0040,1,WP_0048,109,3
ORD_0435,SKU_0025,1,WP_0049,109,4
ORD_0436,SKU_0025,1,WP_0049,109,5
ORD_0436,SKU_0143,1,WP_0120,109,6
ORD_0434,SKU_0255,1,WP_0163,109,7
ORD_0436,SKU_0256,1,WP_0163,109,8
ORD_0439,SKU_0053,1,WP_0011,110,1
ORD_0437,SKU_0109,1,WP_0066,110,2
ORD_0439,SKU_0050,1,WP_0077,110,3
ORD_0440,SKU_0176,1,WP_0108,110,4
ORD_0438,SKU_0307,1,WP_0115,110,5
ORD_0439,SKU_0331,1,WP_0125,110,6
ORD_0439,SKU_0153,1,WP_0134,110,7
ORD_0439,SKU_0291,1,WP_0145,110,8
ORD_0438,SKU_0253,1,WP_0146,110,9
ORD_0444,SKU_0088,1,WP_0003,111,1
ORD_0443,SKU_0138,1,WP_0031,111,2
ORD_0442,SKU_0061,1,WP_0038,111,3
ORD_0441,SKU_0101,1,WP_0053,111,4
ORD_0442,SKU_0101,1,WP_0053,111,5
ORD_0441,SKU_0137,1,WP_0054,111,6
ORD_0443,SKU_0181,1,WP_0055,111,7
ORD_0443,SKU_0114,1,WP_0080,111,8
ORD_0444,SKU_0113,1,WP_0080,111,9
ORD_0442,SKU_0296,1,WP_0097,111,10
ORD_0443,SKU_0132,1,WP_0104,111,11
ORD_0444,SKU_0307,1,WP_0115,111,12
ORD_0444,SKU_0272,1,WP_0116,111,13
ORD_0441,SKU_0310,1,WP_0129,111,14
ORD_0442,SKU_0310,1,WP_0129,111,15
ORD_0442,SKU_0274,1,WP_0137,111,16
ORD_0441,SKU_0252,1,WP_0149,111,17
ORD_0444,SKU_0218,1,WP_0162,111,18
ORD_0448,SKU_0165,1,WP_0001,112,1
ORD_0447,SKU_0068,1,WP_0033,112,2
ORD_0446,SKU_0180,1,WP_0041,112,3
ORD_0448,SKU_0071,1,WP_0047,112,4
ORD_0446,SKU_0044,1,WP_0063,112,5
ORD_0446,SKU_0214,1,WP_0109,112,6
ORD_0447,SKU_0289,1,WP_0150,112,7
ORD_0445,SKU_0292,1,WP_0164,112,8
ORD_0446,SKU_0316,1,WP_0165,112,9
ORD_0450,SKU_0118,1,WP_0013,113,1
ORD_0450,SKU_0170,1,WP_0015,113,2
ORD_0451,SKU_0286,1,WP_0071,113,3
ORD_0451,SKU_0049,1,WP_0077,113,4
ORD_0451,SKU_0267,1,WP_0101,113,5
ORD_0449,SKU_0103,1,WP_0105,113,6
ORD_0450,SKU_0265,1,WP_0110,113,7
ORD_0451,SKU_0307,1,WP_0115,113,8
ORD_0452,SKU_0307,1,WP_0115,113,9
ORD_0452,SKU_0206,1,WP_0148,113,10
ORD_0454,SKU_0015,1,WP_0020,114,1
ORD_0454,SKU_0120,1,WP_0027,114,2
ORD_0456,SKU_0226,1,WP_0029,114,3
ORD_0456,SKU_0111,1,WP_0061,114,4
ORD_0454,SKU_0076,1,WP_0062,114,5
ORD_0455,SKU_0043,1,WP_0064,114,6
ORD_0456,SKU_0110,1,WP_0066,114,7
ORD_0454,SKU_0280,1,WP_0070,114,8
ORD_0456,SKU_0156,1,WP_0074,114,9
ORD_0456,SKU_0050,1,WP_0077,114,10
ORD_0453,SKU_0094,1,WP_0091,114,11
ORD_0454,SKU_0213,1,WP_0109,114,12
ORD_0455,SKU_0158,1,WP_0133,114,13
ORD_0457,SKU_0087,1,WP_0026,115,1
ORD_0458,SKU_0069,1,WP_0033,115,2
ORD_0458,SKU_0068,1,WP_0033,115,3
ORD_0457,SKU_0071,1,WP_0047,115,4
ORD_0457,SKU_0114,1,WP_0080,115,5
ORD_0458,SKU_0199,1,WP_0082,115,6
ORD_0460,SKU_0200,1,WP_0082,115,7
ORD_0459,SKU_0230,1,WP_0122,115,8
ORD_0459,SKU_0208,1,WP_0147,115,9
ORD_0457,SKU_0218,1,WP_0162,115,10
ORD_0464,SKU_0051,1,WP_0011,116,1
ORD_0464,SKU_0117,1,WP_0013,116,2
ORD_0463,SKU_0126,1,WP_0016,116,3
ORD_0461,SKU_0017,1,WP_0036,116,4
ORD_0462,SKU_0228,1,WP_0043,116,5
ORD_0461,SKU_0074,1,WP_0065,116,6
ORD_0461,SKU_0286,1,WP_0071,116,7
ORD_0464,SKU_0204,1,WP_0073,116,8
ORD_0462,SKU_0114,1,WP_0080,116,9
ORD_0461,SKU_0098,1,WP_0106,116,10
ORD_0463,SKU_0306,1,WP_0115,116,11
ORD_0462,SKU_0145,1,WP_0119,116,12
ORD_0464,SKU_0271,1,WP_0123,116,13
ORD_0464,SKU_0072,1,WP_0126,116,14
ORD_0461,SKU_0313,1,WP_0151,116,15
ORD_0463,SKU_0217,1,WP_0162,116,16
ORD_0463,SKU_0255,1,WP_0163,116,17
ORD_0465,SKU_0117,1,WP_0013,117,1
ORD_0468,SKU_0172,1,WP_0015,117,2
ORD_0467,SKU_0008,1,WP_0021,117,3
ORD_0466,SKU_0104,1,WP_0032,117,4
ORD_0468,SKU_0071,1,WP_0047,117,5
ORD_0465,SKU_0067,1,WP_0052,117,6
ORD_0468,SKU_0147,1,WP_0067,117,7
ORD_0465,SKU_0129,1,WP_0090,117,8
ORD_0467,SKU_0271,1,WP_0123,117,9
ORD_0465,SKU_0305,1,WP_0124,117,10
ORD_0465,SKU_0310,1,WP_0129,117,11
ORD_0466,SKU_0154,1,WP_0134,117,12
ORD_0466,SKU_0248,1,WP_0143,117,13
ORD_0467,SKU_0254,1,WP_0146,117,14
ORD_0471,SKU_0089,1,WP_0003,118,1
ORD_0470,SKU_0009,1,WP_0009,118,2
ORD_0470,SKU_0117,1,WP_0013,118,3
ORD_0471,SKU_0006,1,WP_0022,118,4
ORD_0471,SKU_0023,1,WP_0050,118,5
ORD_0469,SKU_0280,1,WP_0070,118,6
ORD_0470,SKU_0095,1,WP_0091,118,7
ORD_0470,SKU_0125,1,WP_0093,118,8
ORD_0469,SKU_0268,1,WP_0101,118,9
ORD_0469,SKU_0098,1,WP_0106,118,10
ORD_0472,SKU_0098,1,WP_0106,118,11
ORD_0471,SKU_0190,1,WP_0118,118,12
ORD_0471,SKU_0158,1,WP_0133,118,13
ORD_0476,SKU_0183,1,WP_0030,119,1
ORD_0473,SKU_0019,1,WP_0035,119,2
ORD_0473,SKU_0047,1,WP_0078,119,3
ORD_0474,SKU_0260,1,WP_0096,119,4
ORD_0476,SKU_0297,1,WP_0097,119,5
ORD_0474,SKU_0329,1,WP_0099,119,6
ORD_0476,SKU_0303,1,WP_0100,119,7
ORD_0475,SKU_0177,1,WP_0103,119,8
ORD_0473,SKU_0266,1,WP_0110,119,9
ORD_0473,SKU_0145,1,WP_0119,119,10
ORD_0475,SKU_0145,1,WP_0119,119,11
ORD_0473,SKU_0229,1,WP_0122,119,12
ORD_0476,SKU_0220,1,WP_0161,119,13
ORD_0476,SKU_0292,1,WP_0164,119,14
ORD_0479,SKU_0031,1,WP_0005,120,1
ORD_0477,SKU_0172,1,WP_0015,120,2
ORD_0477,SKU_0225,1,WP_0029,120,3
ORD_0478,SKU_0156,1,WP_0074,120,4
ORD_0478,SKU_0326,1,WP_0085,120,5
ORD_0478,SKU_0264,1,WP_0087,120,6
ORD_0479,SKU_0329,1,WP_0099,120,7
ORD_0479,SKU_0099,1,WP_0106,120,8
ORD_0479,SKU_0176,1,WP_0108,120,9
ORD_0477,SKU_0299,1,WP_0111,120,10
ORD_0479,SKU_0274,1,WP_0137,120,11
ORD_0480,SKU_0275,1,WP_0137,120,12
ORD_0477,SKU_0334,1,WP_0139,120,13
