ORD_NO,SKU_CD,NUM_PCS,LOC,CART_NO,SEQ,PICKER_NO,BATCH_NO
ORD_0199,SKU_0075,1,WP_0043,1,14,1,8
ORD_0199,SKU_0069,1,WP_0043,1,15,1,8
ORD_0001,SKU_0246,1,WP_0049,1,4,1,8
ORD_0199,SKU_0246,1,WP_0049,1,5,1,8
ORD_0227,SKU_0254,1,WP_0050,1,3,1,8
ORD_0046,SKU_0016,1,WP_0053,1,1,1,8
ORD_0046,SKU_0251,1,WP_0053,1,2,1,8
ORD_0046,SKU_0293,1,WP_0063,1,6,1,8
ORD_0001,SKU_0267,1,WP_0101,1,13,1,8
ORD_0046,SKU_0018,1,WP_0102,1,12,1,8
ORD_0199,SKU_0050,1,WP_0103,1,10,1,8
ORD_0199,SKU_0284,1,WP_0103,1,11,1,8
ORD_0227,SKU_0201,1,WP_0104,1,8,1,8
ORD_0227,SKU_0262,1,WP_0104,1,9,1,8
ORD_0046,SKU_0303,1,WP_0118,1,7,1,8
ORD_0227,SKU_0248,1,WP_0142,1,16,1,8
ORD_0002,SKU_0156,1,WP_0023,2,1,1,12
ORD_0002,SKU_0123,1,WP_0023,2,2,1,12
ORD_0315,SKU_0254,1,WP_0050,2,3,1,12
ORD_0477,SKU_0334,1,WP_0051,2,4,1,12
ORD_0477,SKU_0299,1,WP_0051,2,5,1,12
ORD_0335,SKU_0155,1,WP_0055,2,6,1,12
ORD_0477,SKU_0172,1,WP_0106,2,10,1,12
ORD_0335,SKU_0216,1,WP_0108,2,9,1,12
ORD_0335,SKU_0205,1,WP_0109,2,8,1,12
ORD_0315,SKU_0320,1,WP_0112,2,7,1,12
ORD_0477,SKU_0225,1,WP_0121,2,11,1,12
ORD_0002,SKU_0063,1,WP_0137,2,12,1,12
ORD_0002,SKU_0047,1,WP_0137,2,13,1,12
ORD_0002,SKU_0005,1,WP_0166,2,14,1,12
ORD_0454,SKU_0120,1,WP_0016,3,7,1,7
ORD_0436,SKU_0119,1,WP_0017,3,8,1,7
ORD_0264,SKU_0143,1,WP_0018,3,5,1,7
ORD_0436,SKU_0143,1,WP_0018,3,6,1,7
ORD_0041,SKU_0032,1,WP_0019,3,3,1,7
ORD_0041,SKU_0101,1,WP_0019,3,4,1,7
ORD_0264,SKU_0280,1,WP_0021,3,1,1,7
ORD_0454,SKU_0280,1,WP_0021,3,2,1,7
ORD_0436,SKU_0025,1,WP_0025,3,10,1,7
ORD_0436,SKU_0040,1,WP_0049,3,9,1,7
ORD_0264,SKU_0299,1,WP_0051,3,11,1,7
ORD_0454,SKU_0015,1,WP_0078,3,12,1,7
ORD_0264,SKU_0186,1,WP_0131,3,13,1,7
ORD_0436,SKU_0256,1,WP_0133,3,14,1,7
ORD_0041,SKU_0213,1,WP_0135,3,15,1,7
ORD_0454,SKU_0213,1,WP_0135,3,16,1,7
ORD_0454,SKU_0076,1,WP_0165,3,17,1,7
ORD_0010,SKU_0100,1,WP_0020,4,1,3,9
ORD_0099,SKU_0307,1,WP_0022,4,2,3,9
ORD_0099,SKU_0219,1,WP_0022,4,3,3,9
ORD_0003,SKU_0272,1,WP_0026,4,4,3,9
ORD_0045,SKU_0089,1,WP_0027,4,5,3,9
ORD_0099,SKU_0178,1,WP_0060,4,10,3,9
ORD_0045,SKU_0277,1,WP_0061,4,9,3,9
ORD_0010,SKU_0286,1,WP_0067,4,8,3,9
ORD_0099,SKU_0149,1,WP_0069,4,7,3,9
ORD_0003,SKU_0057,1,WP_0070,4,6,3,9
ORD_0045,SKU_0173,1,WP_0147,4,11,3,9
ORD_0010,SKU_0259,1,WP_0153,4,12,3,9
ORD_0394,SKU_0326,1,WP_0015,5,4,1,15
ORD_0208,SKU_0101,1,WP_0019,5,3,1,15
ORD_0298,SKU_0093,1,WP_0020,5,1,1,15
ORD_0298,SKU_0100,1,WP_0020,5,2,1,15
ORD_0208,SKU_0089,1,WP_0027,5,7,1,15
ORD_0245,SKU_0079,1,WP_0028,5,8,1,15
ORD_0208,SKU_0189,1,WP_0035,5,6,1,15
ORD_0208,SKU_0277,1,WP_0061,5,5,1,15
ORD_0298,SKU_0305,1,WP_0064,5,11,1,15
ORD_0394,SKU_0129,1,WP_0064,5,12,1,15
ORD_0298,SKU_0218,1,WP_0065,5,10,1,15
ORD_0245,SKU_0149,1,WP_0069,5,9,1,15
ORD_0394,SKU_0135,1,WP_0163,5,13,1,15
ORD_0258,SKU_0117,1,WP_0008,6,1,2,2
ORD_0004,SKU_0180,1,WP_0009,6,4,2,2
ORD_0441,SKU_0101,1,WP_0019,6,9,2,2
ORD_0420,SKU_0279,1,WP_0025,6,2,2,2
ORD_0420,SKU_0025,1,WP_0025,6,3,2,2
ORD_0441,SKU_0310,1,WP_0063,6,10,2,2
ORD_0420,SKU_0084,1,WP_0068,6,7,2,2
ORD_0258,SKU_0126,1,WP_0076,6,11,2,2
ORD_0004,SKU_0037,1,WP_0082,6,8,2,2
ORD_0441,SKU_0252,1,WP_0094,6,5,2,2
ORD_0004,SKU_0144,1,WP_0099,6,12,2,2
ORD_0258,SKU_0224,1,WP_0110,6,6,2,2
ORD_0004,SKU_0097,1,WP_0114,6,13,2,2
ORD_0441,SKU_0137,1,WP_0146,6,14,2,2
ORD_0258,SKU_0330,1,WP_0160,6,15,2,2
ORD_0005,SKU_0315,1,WP_0045,7,4,1,17
ORD_0054,SKU_0254,1,WP_0050,7,2,1,17
ORD_0467,SKU_0254,1,WP_0050,7,3,1,17
ORD_0418,SKU_0334,1,WP_0051,7,1,1,17
ORD_0467,SKU_0271,1,WP_0073,7,5,1,17
ORD_0418,SKU_0202,1,WP_0075,7,6,1,17
ORD_0005,SKU_0183,1,WP_0077,7,7,1,17
ORD_0005,SKU_0151,1,WP_0077,7,8,1,17
ORD_0054,SKU_0335,1,WP_0083,7,10,1,17
ORD_0467,SKU_0008,1,WP_0083,7,11,1,17
ORD_0005,SKU_0175,1,WP_0106,7,9,1,17
ORD_0054,SKU_0281,1,WP_0139,7,12,1,17
ORD_0286,SKU_0269,1,WP_0087,8,1,2,1
ORD_0218,SKU_0199,1,WP_0091,8,2,2,1
ORD_0006,SKU_0023,1,WP_0097,8,3,2,1
ORD_0083,SKU_0321,1,WP_0098,8,4,2,1
ORD_0325,SKU_0333,1,WP_0088,9,1,3,1
ORD_0322,SKU_0319,1,WP_0089,9,2,3,1
ORD_0294,SKU_0296,1,WP_0093,9,3,3,1
ORD_0353,SKU_0036,1,WP_0093,9,4,3,1
ORD_0480,SKU_0275,1,WP_0088,10,4,2,16
ORD_0007,SKU_0319,1,WP_0089,10,3,2,16
ORD_0453,SKU_0094,1,WP_0090,10,2,2,16
ORD_0163,SKU_0273,1,WP_0095,10,1,2,16
ORD_0007,SKU_0211,1,WP_0155,10,5,2,16
ORD_0163,SKU_0160,1,WP_0157,10,6,2,16
ORD_0008,SKU_0127,1,WP_0005,11,2,2,17
ORD_0076,SKU_0195,1,WP_0009,11,3,2,17
ORD_0076,SKU_0032,1,WP_0019,11,1,2,17
ORD_0008,SKU_0208,1,WP_0024,11,4,2,17
ORD_0008,SKU_0228,1,WP_0065,11,7,2,17
ORD_0008,SKU_0286,1,WP_0067,11,6,2,17
ORD_0076,SKU_0111,1,WP_0070,11,5,2,17
ORD_0008,SKU_0237,1,WP_0074,11,8,2,17
ORD_0243,SKU_0091,1,WP_0086,11,9,2,17
ORD_0349,SKU_0199,1,WP_0091,11,10,2,17
ORD_0349,SKU_0162,1,WP_0159,11,11,2,17
ORD_0243,SKU_0153,1,WP_0160,11,12,2,17
ORD_0095,SKU_0300,1,WP_0002,12,6,3,17
ORD_0086,SKU_0106,1,WP_0010,12,2,3,17
ORD_0189,SKU_0043,1,WP_0010,12,3,3,17
ORD_0086,SKU_0120,1,WP_0016,12,7,3,17
ORD_0095,SKU_0123,1,WP_0023,12,1,3,17
ORD_0189,SKU_0006,1,WP_0027,12,4,3,17
ORD_0009,SKU_0268,1,WP_0041,12,5,3,17
ORD_0086,SKU_0316,1,WP_0058,12,8,3,17
ORD_0095,SKU_0136,1,WP_0062,12,9,3,17
ORD_0189,SKU_0292,1,WP_0062,12,10,3,17
ORD_0086,SKU_0236,1,WP_0133,12,11,3,17
ORD_0095,SKU_0164,1,WP_0152,12,12,3,17
ORD_0106,SKU_0197,1,WP_0030,13,1,2,16
ORD_0106,SKU_0283,1,WP_0030,13,2,2,16
ORD_0186,SKU_0197,1,WP_0030,13,3,2,16
ORD_0191,SKU_0283,1,WP_0030,13,4,2,16
ORD_0107,SKU_0141,1,WP_0031,13,5,2,16
ORD_0186,SKU_0077,1,WP_0042,13,6,2,16
ORD_0106,SKU_0163,1,WP_0164,13,7,2,16
ORD_0340,SKU_0049,1,WP_0032,14,7,3,14
ORD_0340,SKU_0130,1,WP_0032,14,8,3,14
ORD_0261,SKU_0265,1,WP_0033,14,6,3,14
ORD_0283,SKU_0336,1,WP_0035,14,5,3,14
ORD_0283,SKU_0258,1,WP_0039,14,1,3,14
ORD_0283,SKU_0227,1,WP_0039,14,2,3,14
ORD_0295,SKU_0028,1,WP_0040,14,3,3,14
ORD_0283,SKU_0334,1,WP_0051,14,4,3,14
ORD_0340,SKU_0150,1,WP_0116,14,9,3,14
ORD_0390,SKU_0283,1,WP_0030,15,8,4,9
ORD_0380,SKU_0204,1,WP_0031,15,6,4,9
ORD_0380,SKU_0141,1,WP_0031,15,7,4,9
ORD_0450,SKU_0170,1,WP_0033,15,4,4,9
ORD_0450,SKU_0265,1,WP_0033,15,5,4,9
ORD_0407,SKU_0138,1,WP_0038,15,3,4,9
ORD_0407,SKU_0268,1,WP_0041,15,1,4,9
ORD_0407,SKU_0317,1,WP_0041,15,2,4,9
ORD_0450,SKU_0118,1,WP_0090,15,9,4,9
ORD_0407,SKU_0045,1,WP_0105,15,10,4,9
ORD_0407,SKU_0019,1,WP_0131,15,11,4,9
ORD_0472,SKU_0098,1,WP_0036,16,3,3,24
ORD_0087,SKU_0044,1,WP_0037,16,4,3,24
ORD_0172,SKU_0044,1,WP_0037,16,5,3,24
ORD_0087,SKU_0028,1,WP_0040,16,6,3,24
ORD_0011,SKU_0317,1,WP_0041,16,7,3,24
ORD_0087,SKU_0136,1,WP_0062,16,1,3,24
ORD_0011,SKU_0305,1,WP_0064,16,2,3,24
ORD_0172,SKU_0017,1,WP_0067,16,8,3,24
ORD_0012,SKU_0007,1,WP_0034,17,6,3,21
ORD_0111,SKU_0336,1,WP_0035,17,4,3,21
ORD_0111,SKU_0189,1,WP_0035,17,5,3,21
ORD_0356,SKU_0067,1,WP_0037,17,1,3,21
ORD_0308,SKU_0227,1,WP_0039,17,2,3,21
ORD_0356,SKU_0222,1,WP_0059,17,7,3,21
ORD_0308,SKU_0286,1,WP_0067,17,3,3,21
ORD_0111,SKU_0323,1,WP_0158,17,8,3,21
ORD_0012,SKU_0076,1,WP_0165,17,9,3,21
ORD_0012,SKU_0148,1,WP_0165,17,10,3,21
ORD_0024,SKU_0285,1,WP_0016,18,1,4,9
ORD_0013,SKU_0143,1,WP_0018,18,2,4,9
ORD_0027,SKU_0100,1,WP_0020,18,3,4,9
ORD_0387,SKU_0067,1,WP_0037,18,4,4,9
ORD_0387,SKU_0135,1,WP_0163,18,5,4,9
ORD_0188,SKU_0119,1,WP_0017,19,1,3,16
ORD_0188,SKU_0253,1,WP_0021,19,2,3,16
ORD_0077,SKU_0230,1,WP_0024,19,3,3,16
ORD_0077,SKU_0208,1,WP_0024,19,4,3,16
ORD_0037,SKU_0025,1,WP_0025,19,5,3,16
ORD_0197,SKU_0279,1,WP_0025,19,6,3,16
ORD_0077,SKU_0113,1,WP_0026,19,7,3,16
ORD_0351,SKU_0021,1,WP_0017,20,8,4,11
ORD_0289,SKU_0253,1,WP_0021,20,7,4,11
ORD_0289,SKU_0123,1,WP_0023,20,4,4,11
ORD_0289,SKU_0156,1,WP_0023,20,5,4,11
ORD_0357,SKU_0156,1,WP_0023,20,6,4,11
ORD_0351,SKU_0230,1,WP_0024,20,3,4,11
ORD_0304,SKU_0079,1,WP_0028,20,1,4,11
ORD_0351,SKU_0079,1,WP_0028,20,2,4,11
ORD_0351,SKU_0121,1,WP_0091,20,9,4,11
ORD_0289,SKU_0041,1,WP_0117,20,10,4,11
ORD_0378,SKU_0143,1,WP_0018,21,1,4,1
ORD_0373,SKU_0032,1,WP_0019,21,2,4,1
ORD_0415,SKU_0307,1,WP_0022,21,3,4,1
ORD_0435,SKU_0025,1,WP_0025,21,4,4,1
ORD_0460,SKU_0200,1,WP_0018,22,1,4,21
ORD_0438,SKU_0253,1,WP_0021,22,2,4,21
ORD_0438,SKU_0307,1,WP_0022,22,4,4,21
ORD_0444,SKU_0307,1,WP_0022,22,5,4,21
ORD_0459,SKU_0208,1,WP_0024,22,6,4,21
ORD_0459,SKU_0230,1,WP_0024,22,7,4,21
ORD_0444,SKU_0113,1,WP_0026,22,8,4,21
ORD_0444,SKU_0272,1,WP_0026,22,9,4,21
ORD_0444,SKU_0218,1,WP_0065,22,3,4,21
ORD_0444,SKU_0088,1,WP_0097,22,10,4,21
ORD_0376,SKU_0288,1,WP_0004,23,5,1,5
ORD_0015,SKU_0048,1,WP_0006,23,3,1,5
ORD_0015,SKU_0066,1,WP_0006,23,4,1,5
ORD_0376,SKU_0255,1,WP_0008,23,1,1,5
ORD_0015,SKU_0326,1,WP_0015,23,7,1,5
ORD_0292,SKU_0143,1,WP_0018,23,6,1,5
ORD_0376,SKU_0100,1,WP_0020,23,2,1,5
ORD_0376,SKU_0229,1,WP_0073,23,8,1,5
ORD_0015,SKU_0112,1,WP_0076,23,9,1,5
ORD_0015,SKU_0296,1,WP_0093,23,13,1,5
ORD_0376,SKU_0062,1,WP_0094,23,12,1,5
ORD_0014,SKU_0274,1,WP_0120,23,14,1,5
ORD_0292,SKU_0010,1,WP_0122,23,15,1,5
ORD_0292,SKU_0072,1,WP_0125,23,16,1,5
ORD_0292,SKU_0192,1,WP_0132,23,10,1,5
ORD_0292,SKU_0174,1,WP_0132,23,11,1,5
ORD_0014,SKU_0235,1,WP_0138,23,17,1,5
ORD_0217,SKU_0189,1,WP_0035,24,1,1,11
ORD_0233,SKU_0315,1,WP_0045,24,2,1,11
ORD_0233,SKU_0209,1,WP_0045,24,3,1,11
ORD_0016,SKU_0068,1,WP_0047,24,4,1,11
ORD_0016,SKU_0244,1,WP_0047,24,5,1,11
ORD_0016,SKU_0068,1,WP_0047,24,6,1,11
ORD_0217,SKU_0309,1,WP_0048,24,7,1,11
ORD_0217,SKU_0061,1,WP_0048,24,8,1,11
ORD_0217,SKU_0139,1,WP_0050,24,10,1,11
ORD_0176,SKU_0027,1,WP_0054,24,11,1,11
ORD_0176,SKU_0009,1,WP_0054,24,12,1,11
ORD_0233,SKU_0103,1,WP_0056,24,13,1,11
ORD_0233,SKU_0031,1,WP_0056,24,14,1,11
ORD_0233,SKU_0013,1,WP_0145,24,9,1,11
ORD_0217,SKU_0005,1,WP_0166,24,15,1,11
ORD_0333,SKU_0182,1,WP_0044,25,1,2,2
ORD_0297,SKU_0331,1,WP_0046,25,2,2,2
ORD_0361,SKU_0331,1,WP_0046,25,3,2,2
ORD_0263,SKU_0244,1,WP_0047,25,4,2,2
ORD_0374,SKU_0264,1,WP_0046,26,1,3,16
ORD_0374,SKU_0238,1,WP_0055,26,3,3,16
ORD_0449,SKU_0103,1,WP_0056,26,4,3,16
ORD_0017,SKU_0112,1,WP_0076,26,2,3,16
ORD_0113,SKU_0276,1,WP_0081,26,5,3,16
ORD_0113,SKU_0276,1,WP_0081,26,6,3,16
ORD_0129,SKU_0015,1,WP_0078,27,5,4,16
ORD_0139,SKU_0314,1,WP_0080,27,4,4,16
ORD_0140,SKU_0276,1,WP_0081,27,2,4,16
ORD_0140,SKU_0110,1,WP_0081,27,3,4,16
ORD_0137,SKU_0335,1,WP_0083,27,1,4,16
ORD_0140,SKU_0214,1,WP_0115,27,6,4,16
ORD_0246,SKU_0243,1,WP_0001,28,1,4,24
ORD_0146,SKU_0152,1,WP_0072,28,2,4,24
ORD_0246,SKU_0015,1,WP_0078,28,3,4,24
ORD_0246,SKU_0282,1,WP_0078,28,4,4,24
ORD_0246,SKU_0161,1,WP_0080,28,5,4,24
ORD_0250,SKU_0110,1,WP_0081,28,6,4,24
ORD_0146,SKU_0024,1,WP_0084,28,7,4,24
ORD_0148,SKU_0026,1,WP_0084,28,8,4,24
ORD_0275,SKU_0177,1,WP_0071,29,1,4,11
ORD_0321,SKU_0080,1,WP_0072,29,2,4,11
ORD_0314,SKU_0257,1,WP_0075,29,3,4,11
ORD_0314,SKU_0202,1,WP_0075,29,4,4,11
ORD_0328,SKU_0221,1,WP_0082,29,5,4,11
ORD_0334,SKU_0074,1,WP_0036,30,1,2,22
ORD_0371,SKU_0310,1,WP_0063,30,7,2,22
ORD_0334,SKU_0112,1,WP_0076,30,8,2,22
ORD_0334,SKU_0126,1,WP_0076,30,9,2,22
ORD_0334,SKU_0184,1,WP_0079,30,6,2,22
ORD_0363,SKU_0037,1,WP_0082,30,5,2,22
ORD_0371,SKU_0008,1,WP_0083,30,3,2,22
ORD_0371,SKU_0335,1,WP_0083,30,4,2,22
ORD_0401,SKU_0024,1,WP_0084,30,2,2,22
ORD_0334,SKU_0262,1,WP_0104,30,10,2,22
ORD_0018,SKU_0307,1,WP_0022,31,2,3,22
ORD_0339,SKU_0208,1,WP_0024,31,1,3,22
ORD_0404,SKU_0265,1,WP_0033,31,3,3,22
ORD_0433,SKU_0165,1,WP_0071,31,4,3,22
ORD_0018,SKU_0202,1,WP_0075,31,5,3,22
ORD_0339,SKU_0183,1,WP_0077,31,6,3,22
ORD_0404,SKU_0161,1,WP_0080,31,7,3,22
ORD_0404,SKU_0314,1,WP_0080,31,8,3,22
ORD_0404,SKU_0314,1,WP_0080,31,9,3,22
ORD_0018,SKU_0221,1,WP_0082,31,10,3,22
ORD_0019,SKU_0053,1,WP_0007,32,1,3,2
ORD_0198,SKU_0053,1,WP_0007,32,2,3,2
ORD_0223,SKU_0291,1,WP_0007,32,3,3,2
ORD_0223,SKU_0085,1,WP_0011,32,11,3,2
ORD_0360,SKU_0011,1,WP_0015,32,4,3,2
ORD_0223,SKU_0182,1,WP_0044,32,7,3,2
ORD_0223,SKU_0298,1,WP_0044,32,8,3,2
ORD_0019,SKU_0315,1,WP_0045,32,9,3,2
ORD_0019,SKU_0309,1,WP_0048,32,10,3,2
ORD_0198,SKU_0155,1,WP_0055,32,12,3,2
ORD_0198,SKU_0238,1,WP_0055,32,13,3,2
ORD_0360,SKU_0080,1,WP_0072,32,5,3,2
ORD_0360,SKU_0152,1,WP_0072,32,6,3,2
ORD_0360,SKU_0207,1,WP_0111,32,14,3,2
ORD_0198,SKU_0312,1,WP_0150,32,15,3,2
ORD_0455,SKU_0043,1,WP_0010,33,1,2,21
ORD_0142,SKU_0081,1,WP_0029,33,9,2,21
ORD_0020,SKU_0204,1,WP_0031,33,8,2,21
ORD_0028,SKU_0074,1,WP_0036,33,7,2,21
ORD_0020,SKU_0029,1,WP_0052,33,4,2,21
ORD_0020,SKU_0158,1,WP_0052,33,5,2,21
ORD_0455,SKU_0158,1,WP_0052,33,6,2,21
ORD_0142,SKU_0251,1,WP_0053,33,3,2,21
ORD_0028,SKU_0031,1,WP_0056,33,2,2,21
ORD_0142,SKU_0210,1,WP_0134,33,10,2,21
ORD_0020,SKU_0294,1,WP_0150,33,11,2,21
ORD_0219,SKU_0336,1,WP_0035,34,5,2,10
ORD_0219,SKU_0189,1,WP_0035,34,6,2,10
ORD_0170,SKU_0098,1,WP_0036,34,7,2,10
ORD_0170,SKU_0258,1,WP_0039,34,9,2,10
ORD_0184,SKU_0028,1,WP_0040,34,10,2,10
ORD_0222,SKU_0028,1,WP_0040,34,11,2,10
ORD_0184,SKU_0209,1,WP_0045,34,3,2,10
ORD_0219,SKU_0315,1,WP_0045,34,4,2,10
ORD_0222,SKU_0040,1,WP_0049,34,1,2,10
ORD_0222,SKU_0246,1,WP_0049,34,2,2,10
ORD_0170,SKU_0299,1,WP_0051,34,8,2,10
ORD_0219,SKU_0014,1,WP_0069,34,12,2,10
ORD_0170,SKU_0026,1,WP_0084,34,13,2,10
ORD_0184,SKU_0193,1,WP_0164,34,14,2,10
ORD_0170,SKU_0167,1,WP_0167,34,15,2,10
ORD_0428,SKU_0006,1,WP_0027,35,1,2,20
ORD_0428,SKU_0049,1,WP_0032,35,6,2,20
ORD_0428,SKU_0007,1,WP_0034,35,5,2,20
ORD_0249,SKU_0067,1,WP_0037,35,4,2,20
ORD_0249,SKU_0182,1,WP_0044,35,7,2,20
ORD_0428,SKU_0298,1,WP_0044,35,8,2,20
ORD_0428,SKU_0299,1,WP_0051,35,3,2,20
ORD_0249,SKU_0029,1,WP_0052,35,2,2,20
ORD_0022,SKU_0256,1,WP_0133,35,9,2,20
ORD_0249,SKU_0210,1,WP_0134,35,10,2,20
ORD_0021,SKU_0030,1,WP_0136,35,11,2,20
ORD_0114,SKU_0019,1,WP_0131,36,1,3,14
ORD_0234,SKU_0012,1,WP_0135,36,2,3,14
ORD_0065,SKU_0124,1,WP_0139,36,3,3,14
ORD_0299,SKU_0198,1,WP_0140,36,4,3,14
ORD_0065,SKU_0249,1,WP_0167,36,5,3,14
ORD_0400,SKU_0021,1,WP_0017,37,1,4,16
ORD_0432,SKU_0122,1,WP_0129,37,2,4,16
ORD_0383,SKU_0188,1,WP_0130,37,3,4,16
ORD_0400,SKU_0236,1,WP_0133,37,4,4,16
ORD_0400,SKU_0256,1,WP_0133,37,5,4,16
ORD_0324,SKU_0047,1,WP_0137,37,6,4,16
ORD_0400,SKU_0194,1,WP_0140,37,7,4,16
ORD_0023,SKU_0277,1,WP_0061,38,1,3,20
ORD_0023,SKU_0277,1,WP_0061,38,2,3,20
ORD_0023,SKU_0297,1,WP_0061,38,3,3,20
ORD_0118,SKU_0292,1,WP_0062,38,4,3,20
ORD_0118,SKU_0136,1,WP_0062,38,5,3,20
ORD_0133,SKU_0129,1,WP_0064,38,6,3,20
ORD_0133,SKU_0020,1,WP_0066,38,7,3,20
ORD_0038,SKU_0017,1,WP_0067,38,8,3,20
ORD_0023,SKU_0038,1,WP_0092,38,9,3,20
ORD_0023,SKU_0185,1,WP_0134,38,10,3,20
ORD_0118,SKU_0210,1,WP_0134,38,11,3,20
ORD_0342,SKU_0125,1,WP_0057,39,1,3,26
ORD_0366,SKU_0293,1,WP_0063,39,2,3,26
ORD_0326,SKU_0305,1,WP_0064,39,3,3,26
ORD_0326,SKU_0129,1,WP_0064,39,4,3,26
ORD_0155,SKU_0111,1,WP_0070,39,5,3,26
ORD_0155,SKU_0057,1,WP_0070,39,6,3,26
ORD_0437,SKU_0109,1,WP_0058,40,1,4,14
ORD_0370,SKU_0277,1,WP_0061,40,2,4,14
ORD_0377,SKU_0292,1,WP_0062,40,3,4,14
ORD_0367,SKU_0310,1,WP_0063,40,4,4,14
ORD_0377,SKU_0220,1,WP_0068,40,5,4,14
ORD_0049,SKU_0035,1,WP_0002,41,2,4,4
ORD_0025,SKU_0291,1,WP_0007,41,1,4,4
ORD_0049,SKU_0265,1,WP_0033,41,3,4,4
ORD_0025,SKU_0226,1,WP_0038,41,4,4,4
ORD_0025,SKU_0138,1,WP_0038,41,5,4,4
ORD_0025,SKU_0029,1,WP_0052,41,6,4,4
ORD_0049,SKU_0251,1,WP_0053,41,7,4,4
ORD_0476,SKU_0297,1,WP_0061,41,11,4,4
ORD_0445,SKU_0292,1,WP_0062,41,9,4,4
ORD_0476,SKU_0292,1,WP_0062,41,10,4,4
ORD_0476,SKU_0220,1,WP_0068,41,8,4,4
ORD_0476,SKU_0183,1,WP_0077,41,12,4,4
ORD_0476,SKU_0303,1,WP_0118,41,13,4,4
ORD_0025,SKU_0308,1,WP_0151,41,14,4,4
ORD_0216,SKU_0066,1,WP_0006,42,4,1,6
ORD_0026,SKU_0291,1,WP_0007,42,1,1,6
ORD_0439,SKU_0291,1,WP_0007,42,2,1,6
ORD_0439,SKU_0053,1,WP_0007,42,3,1,6
ORD_0026,SKU_0266,1,WP_0013,42,10,1,6
ORD_0029,SKU_0232,1,WP_0014,42,8,1,6
ORD_0029,SKU_0203,1,WP_0014,42,9,1,6
ORD_0439,SKU_0331,1,WP_0046,42,6,1,6
ORD_0026,SKU_0040,1,WP_0049,42,5,1,6
ORD_0216,SKU_0016,1,WP_0053,42,7,1,6
ORD_0026,SKU_0121,1,WP_0091,42,15,1,6
ORD_0216,SKU_0199,1,WP_0091,42,16,1,6
ORD_0026,SKU_0134,1,WP_0100,42,13,1,6
ORD_0216,SKU_0304,1,WP_0102,42,14,1,6
ORD_0439,SKU_0050,1,WP_0103,42,12,1,6
ORD_0216,SKU_0207,1,WP_0111,42,11,1,6
ORD_0439,SKU_0153,1,WP_0160,42,17,1,6
ORD_0030,SKU_0243,1,WP_0001,43,8,4,22
ORD_0030,SKU_0242,1,WP_0001,43,9,4,22
ORD_0047,SKU_0180,1,WP_0009,43,1,4,22
ORD_0068,SKU_0195,1,WP_0009,43,2,4,22
ORD_0205,SKU_0106,1,WP_0010,43,3,4,22
ORD_0030,SKU_0191,1,WP_0012,43,4,4,22
ORD_0030,SKU_0203,1,WP_0014,43,5,4,22
ORD_0068,SKU_0203,1,WP_0014,43,6,4,22
ORD_0030,SKU_0205,1,WP_0109,43,7,4,22
ORD_0205,SKU_0059,1,WP_0143,43,10,4,22
ORD_0242,SKU_0300,1,WP_0002,44,1,1,23
ORD_0320,SKU_0035,1,WP_0002,44,2,1,23
ORD_0267,SKU_0127,1,WP_0005,44,3,1,23
ORD_0267,SKU_0131,1,WP_0005,44,4,1,23
ORD_0320,SKU_0053,1,WP_0007,44,5,1,23
ORD_0213,SKU_0255,1,WP_0008,44,6,1,23
ORD_0320,SKU_0085,1,WP_0011,44,7,1,23
ORD_0267,SKU_0124,1,WP_0139,44,8,1,23
ORD_0320,SKU_0142,1,WP_0149,44,9,1,23
ORD_0320,SKU_0003,1,WP_0157,44,10,1,23
ORD_0395,SKU_0242,1,WP_0001,45,2,1,25
ORD_0395,SKU_0288,1,WP_0004,45,1,1,25
ORD_0381,SKU_0131,1,WP_0005,45,3,1,25
ORD_0369,SKU_0066,1,WP_0006,45,4,1,25
ORD_0381,SKU_0117,1,WP_0008,45,5,1,25
ORD_0369,SKU_0180,1,WP_0009,45,6,1,25
ORD_0397,SKU_0247,1,WP_0012,45,7,1,25
ORD_0397,SKU_0191,1,WP_0012,45,8,1,25
ORD_0430,SKU_0053,1,WP_0007,46,1,1,26
ORD_0430,SKU_0117,1,WP_0008,46,2,1,26
ORD_0430,SKU_0255,1,WP_0008,46,3,1,26
ORD_0434,SKU_0255,1,WP_0008,46,4,1,26
ORD_0440,SKU_0176,1,WP_0011,46,5,1,26
ORD_0429,SKU_0191,1,WP_0012,46,6,1,26
ORD_0430,SKU_0247,1,WP_0012,46,7,1,26
ORD_0164,SKU_0061,1,WP_0048,47,9,4,17
ORD_0057,SKU_0158,1,WP_0052,47,1,4,17
ORD_0031,SKU_0016,1,WP_0053,47,2,4,17
ORD_0164,SKU_0238,1,WP_0055,47,3,4,17
ORD_0157,SKU_0103,1,WP_0056,47,4,4,17
ORD_0057,SKU_0177,1,WP_0071,47,10,4,17
ORD_0157,SKU_0322,1,WP_0085,47,11,4,17
ORD_0164,SKU_0121,1,WP_0091,47,8,4,17
ORD_0057,SKU_0038,1,WP_0092,47,6,4,17
ORD_0057,SKU_0115,1,WP_0092,47,7,4,17
ORD_0031,SKU_0301,1,WP_0098,47,5,4,17
ORD_0164,SKU_0102,1,WP_0100,47,12,4,17
ORD_0032,SKU_0138,1,WP_0038,48,3,2,18
ORD_0458,SKU_0069,1,WP_0043,48,6,2,18
ORD_0458,SKU_0068,1,WP_0047,48,5,2,18
ORD_0350,SKU_0029,1,WP_0052,48,1,2,18
ORD_0332,SKU_0251,1,WP_0053,48,2,2,18
ORD_0032,SKU_0218,1,WP_0065,48,4,2,18
ORD_0032,SKU_0302,1,WP_0074,48,7,2,18
ORD_0332,SKU_0118,1,WP_0090,48,9,2,18
ORD_0458,SKU_0199,1,WP_0091,48,8,2,18
ORD_0350,SKU_0115,1,WP_0092,48,10,2,18
ORD_0032,SKU_0108,1,WP_0138,48,11,2,18
ORD_0032,SKU_0278,1,WP_0144,48,12,2,18
ORD_0398,SKU_0104,1,WP_0059,49,7,2,23
ORD_0257,SKU_0057,1,WP_0070,49,2,2,23
ORD_0257,SKU_0112,1,WP_0076,49,6,2,23
ORD_0398,SKU_0110,1,WP_0081,49,1,2,23
ORD_0033,SKU_0010,1,WP_0122,49,4,2,23
ORD_0033,SKU_0060,1,WP_0122,49,5,2,23
ORD_0061,SKU_0039,1,WP_0123,49,3,2,23
ORD_0257,SKU_0140,1,WP_0129,49,8,2,23
ORD_0398,SKU_0256,1,WP_0133,49,9,2,23
ORD_0033,SKU_0193,1,WP_0164,49,10,2,23
ORD_0064,SKU_0231,1,WP_0113,50,1,3,2
ORD_0144,SKU_0105,1,WP_0114,50,2,3,2
ORD_0193,SKU_0128,1,WP_0115,50,3,3,2
ORD_0101,SKU_0041,1,WP_0117,50,4,3,2
ORD_0312,SKU_0042,1,WP_0116,51,1,4,2
ORD_0207,SKU_0181,1,WP_0118,51,2,4,2
ORD_0277,SKU_0060,1,WP_0122,51,3,4,2
ORD_0276,SKU_0263,1,WP_0123,51,4,4,2
ORD_0034,SKU_0115,1,WP_0092,52,7,1,22
ORD_0306,SKU_0036,1,WP_0093,52,8,1,22
ORD_0306,SKU_0296,1,WP_0093,52,9,1,22
ORD_0035,SKU_0325,1,WP_0105,52,1,1,22
ORD_0306,SKU_0150,1,WP_0116,52,3,1,22
ORD_0306,SKU_0042,1,WP_0116,52,4,1,22
ORD_0345,SKU_0042,1,WP_0116,52,5,1,22
ORD_0034,SKU_0239,1,WP_0119,52,6,1,22
ORD_0034,SKU_0092,1,WP_0128,52,2,1,22
ORD_0035,SKU_0235,1,WP_0138,52,10,1,22
ORD_0062,SKU_0304,1,WP_0102,53,3,2,25
ORD_0058,SKU_0201,1,WP_0104,53,2,2,25
ORD_0230,SKU_0045,1,WP_0105,53,1,2,25
ORD_0279,SKU_0172,1,WP_0106,53,6,2,25
ORD_0279,SKU_0233,1,WP_0127,53,4,2,25
ORD_0230,SKU_0192,1,WP_0132,53,5,2,25
ORD_0058,SKU_0179,1,WP_0136,53,7,2,25
ORD_0062,SKU_0063,1,WP_0137,53,8,2,25
ORD_0036,SKU_0114,1,WP_0003,54,5,4,2
ORD_0462,SKU_0114,1,WP_0003,54,6,4,2
ORD_0462,SKU_0145,1,WP_0003,54,7,4,2
ORD_0039,SKU_0131,1,WP_0005,54,3,4,2
ORD_0039,SKU_0127,1,WP_0005,54,4,4,2
ORD_0036,SKU_0291,1,WP_0007,54,1,4,2
ORD_0036,SKU_0053,1,WP_0007,54,2,4,2
ORD_0040,SKU_0200,1,WP_0018,54,8,4,2
ORD_0039,SKU_0251,1,WP_0053,54,9,4,2
ORD_0036,SKU_0260,1,WP_0060,54,11,4,2
ORD_0462,SKU_0228,1,WP_0065,54,10,4,2
ORD_0039,SKU_0302,1,WP_0074,54,12,4,2
ORD_0039,SKU_0151,1,WP_0077,54,13,4,2
ORD_0040,SKU_0050,1,WP_0103,54,14,4,2
ORD_0040,SKU_0234,1,WP_0144,54,15,4,2
ORD_0042,SKU_0288,1,WP_0004,55,9,3,15
ORD_0070,SKU_0106,1,WP_0010,55,1,3,15
ORD_0070,SKU_0043,1,WP_0010,55,2,3,15
ORD_0070,SKU_0232,1,WP_0014,55,4,3,15
ORD_0070,SKU_0200,1,WP_0018,55,7,3,15
ORD_0070,SKU_0143,1,WP_0018,55,8,3,15
ORD_0044,SKU_0208,1,WP_0024,55,6,3,15
ORD_0124,SKU_0279,1,WP_0025,55,5,3,15
ORD_0042,SKU_0089,1,WP_0027,55,3,3,15
ORD_0124,SKU_0018,1,WP_0102,55,11,3,15
ORD_0124,SKU_0270,1,WP_0113,55,10,3,15
ORD_0124,SKU_0223,1,WP_0148,55,12,3,15
ORD_0044,SKU_0142,1,WP_0149,55,13,3,15
ORD_0143,SKU_0288,1,WP_0004,56,10,2,11
ORD_0154,SKU_0066,1,WP_0006,56,8,2,11
ORD_0154,SKU_0048,1,WP_0006,56,9,2,11
ORD_0102,SKU_0266,1,WP_0013,56,1,2,11
ORD_0043,SKU_0093,1,WP_0020,56,6,2,11
ORD_0043,SKU_0100,1,WP_0020,56,7,2,11
ORD_0154,SKU_0253,1,WP_0021,56,5,2,11
ORD_0102,SKU_0025,1,WP_0025,56,4,2,11
ORD_0143,SKU_0079,1,WP_0028,56,2,2,11
ORD_0143,SKU_0324,1,WP_0028,56,3,2,11
ORD_0143,SKU_0154,1,WP_0101,56,11,2,11
ORD_0043,SKU_0172,1,WP_0106,56,12,2,11
ORD_0043,SKU_0012,1,WP_0135,56,13,2,11
ORD_0043,SKU_0213,1,WP_0135,56,14,2,11
ORD_0154,SKU_0058,1,WP_0162,56,15,2,11
ORD_0162,SKU_0285,1,WP_0016,57,3,2,13
ORD_0354,SKU_0120,1,WP_0016,57,4,2,13
ORD_0228,SKU_0101,1,WP_0019,57,2,2,13
ORD_0161,SKU_0219,1,WP_0022,57,1,2,13
ORD_0228,SKU_0273,1,WP_0095,57,7,2,13
ORD_0162,SKU_0175,1,WP_0106,57,9,2,13
ORD_0161,SKU_0216,1,WP_0108,57,8,2,13
ORD_0161,SKU_0186,1,WP_0131,57,5,2,13
ORD_0161,SKU_0019,1,WP_0131,57,6,2,13
ORD_0354,SKU_0030,1,WP_0136,57,10,2,13
ORD_0354,SKU_0179,1,WP_0136,57,11,2,13
ORD_0162,SKU_0108,1,WP_0138,57,12,2,13
ORD_0228,SKU_0108,1,WP_0138,57,13,2,13
ORD_0228,SKU_0235,1,WP_0138,57,14,2,13
ORD_0145,SKU_0326,1,WP_0015,58,4,1,18
ORD_0145,SKU_0011,1,WP_0015,58,5,1,18
ORD_0050,SKU_0285,1,WP_0016,58,3,1,18
ORD_0050,SKU_0200,1,WP_0018,58,2,1,18
ORD_0196,SKU_0141,1,WP_0031,58,6,1,18
ORD_0048,SKU_0130,1,WP_0032,58,7,1,18
ORD_0196,SKU_0044,1,WP_0037,58,1,1,18
ORD_0050,SKU_0054,1,WP_0108,58,10,1,18
ORD_0145,SKU_0087,1,WP_0111,58,11,1,18
ORD_0048,SKU_0233,1,WP_0127,58,8,1,18
ORD_0196,SKU_0073,1,WP_0130,58,9,1,18
ORD_0196,SKU_0311,1,WP_0151,58,12,1,18
ORD_0412,SKU_0120,1,WP_0016,59,5,1,3
ORD_0412,SKU_0285,1,WP_0016,59,6,1,3
ORD_0190,SKU_0119,1,WP_0017,59,4,1,3
ORD_0412,SKU_0253,1,WP_0021,59,3,1,3
ORD_0190,SKU_0230,1,WP_0024,59,2,1,3
ORD_0122,SKU_0272,1,WP_0026,59,1,1,3
ORD_0051,SKU_0292,1,WP_0062,59,10,1,3
ORD_0122,SKU_0310,1,WP_0063,59,11,1,3
ORD_0122,SKU_0293,1,WP_0063,59,12,1,3
ORD_0051,SKU_0091,1,WP_0086,59,7,1,3
ORD_0122,SKU_0187,1,WP_0089,59,8,1,3
ORD_0122,SKU_0319,1,WP_0089,59,9,1,3
ORD_0051,SKU_0036,1,WP_0093,59,13,1,3
ORD_0190,SKU_0175,1,WP_0106,59,16,1,3
ORD_0412,SKU_0054,1,WP_0108,59,14,1,3
ORD_0412,SKU_0216,1,WP_0108,59,15,1,3
ORD_0190,SKU_0185,1,WP_0134,59,17,1,3
ORD_0051,SKU_0070,1,WP_0161,59,18,1,3
ORD_0053,SKU_0242,1,WP_0001,60,2,2,14
ORD_0053,SKU_0200,1,WP_0018,60,1,2,14
ORD_0053,SKU_0170,1,WP_0033,60,3,2,14
ORD_0052,SKU_0309,1,WP_0048,60,4,2,14
ORD_0104,SKU_0115,1,WP_0092,60,7,2,14
ORD_0104,SKU_0038,1,WP_0092,60,8,2,14
ORD_0052,SKU_0062,1,WP_0094,60,9,2,14
ORD_0052,SKU_0252,1,WP_0094,60,10,2,14
ORD_0126,SKU_0062,1,WP_0094,60,11,2,14
ORD_0052,SKU_0045,1,WP_0105,60,5,2,14
ORD_0104,SKU_0325,1,WP_0105,60,6,2,14
ORD_0126,SKU_0320,1,WP_0112,60,12,2,14
ORD_0052,SKU_0039,1,WP_0123,60,13,2,14
ORD_0053,SKU_0153,1,WP_0160,60,14,2,14
ORD_0055,SKU_0255,1,WP_0008,61,1,2,6
ORD_0151,SKU_0117,1,WP_0008,61,2,2,6
ORD_0346,SKU_0255,1,WP_0008,61,3,2,6
ORD_0168,SKU_0106,1,WP_0010,61,4,2,6
ORD_0151,SKU_0272,1,WP_0026,61,5,2,6
ORD_0055,SKU_0170,1,WP_0033,61,14,2,6
ORD_0151,SKU_0318,1,WP_0040,61,9,2,6
ORD_0151,SKU_0028,1,WP_0040,61,10,2,6
ORD_0168,SKU_0077,1,WP_0042,61,6,2,6
ORD_0346,SKU_0077,1,WP_0042,61,7,2,6
ORD_0346,SKU_0107,1,WP_0042,61,8,2,6
ORD_0346,SKU_0139,1,WP_0050,61,13,2,6
ORD_0346,SKU_0183,1,WP_0077,61,15,2,6
ORD_0168,SKU_0161,1,WP_0080,61,12,2,6
ORD_0055,SKU_0008,1,WP_0083,61,11,2,6
ORD_0168,SKU_0056,1,WP_0087,61,16,2,6
ORD_0151,SKU_0196,1,WP_0158,61,17,2,6
ORD_0056,SKU_0274,1,WP_0120,62,1,4,25
ORD_0138,SKU_0287,1,WP_0155,62,2,4,25
ORD_0088,SKU_0046,1,WP_0156,62,3,4,25
ORD_0092,SKU_0022,1,WP_0156,62,4,4,25
ORD_0056,SKU_0159,1,WP_0159,62,5,4,25
ORD_0056,SKU_0058,1,WP_0162,62,6,4,25
ORD_0056,SKU_0190,1,WP_0162,62,7,4,25
ORD_0251,SKU_0002,1,WP_0161,63,1,4,4
ORD_0224,SKU_0135,1,WP_0163,63,2,4,4
ORD_0180,SKU_0148,1,WP_0165,63,3,4,4
ORD_0156,SKU_0052,1,WP_0166,63,4,4,4
ORD_0330,SKU_0242,1,WP_0001,64,1,2,26
ORD_0319,SKU_0196,1,WP_0158,64,2,2,26
ORD_0319,SKU_0330,1,WP_0160,64,3,2,26
ORD_0330,SKU_0070,1,WP_0161,64,4,2,26
ORD_0330,SKU_0002,1,WP_0161,64,5,2,26
ORD_0288,SKU_0190,1,WP_0162,64,6,2,26
ORD_0300,SKU_0086,1,WP_0168,64,7,2,26
ORD_0059,SKU_0084,1,WP_0068,65,8,4,14
ORD_0059,SKU_0165,1,WP_0071,65,1,4,14
ORD_0059,SKU_0137,1,WP_0146,65,2,4,14
ORD_0059,SKU_0157,1,WP_0146,65,3,4,14
ORD_0059,SKU_0034,1,WP_0147,65,4,4,14
ORD_0067,SKU_0329,1,WP_0148,65,6,4,14
ORD_0084,SKU_0223,1,WP_0148,65,7,4,14
ORD_0421,SKU_0058,1,WP_0162,65,5,4,14
ORD_0067,SKU_0212,1,WP_0168,65,9,4,14
ORD_0110,SKU_0314,1,WP_0080,66,1,4,26
ORD_0135,SKU_0245,1,WP_0141,66,2,4,26
ORD_0110,SKU_0095,1,WP_0149,66,3,4,26
ORD_0110,SKU_0142,1,WP_0149,66,4,4,26
ORD_0116,SKU_0294,1,WP_0150,66,5,4,26
ORD_0165,SKU_0064,1,WP_0154,66,6,4,26
ORD_0181,SKU_0315,1,WP_0045,67,1,3,25
ORD_0236,SKU_0082,1,WP_0141,67,2,3,25
ORD_0181,SKU_0157,1,WP_0146,67,3,3,25
ORD_0166,SKU_0034,1,WP_0147,67,4,3,25
ORD_0181,SKU_0329,1,WP_0148,67,5,3,25
ORD_0181,SKU_0223,1,WP_0148,67,6,3,25
ORD_0310,SKU_0168,1,WP_0153,67,7,3,25
ORD_0310,SKU_0259,1,WP_0153,67,8,3,25
ORD_0060,SKU_0306,1,WP_0107,68,1,4,7
ORD_0365,SKU_0261,1,WP_0142,68,2,4,7
ORD_0337,SKU_0295,1,WP_0145,68,3,4,7
ORD_0368,SKU_0223,1,WP_0148,68,4,4,7
ORD_0108,SKU_0001,1,WP_0099,69,1,3,9
ORD_0226,SKU_0132,1,WP_0107,69,2,3,9
ORD_0117,SKU_0207,1,WP_0111,69,3,3,9
ORD_0093,SKU_0332,1,WP_0112,69,4,3,9
ORD_0063,SKU_0288,1,WP_0004,70,1,3,23
ORD_0063,SKU_0101,1,WP_0019,70,2,3,23
ORD_0063,SKU_0217,1,WP_0095,70,3,3,23
ORD_0063,SKU_0273,1,WP_0095,70,4,3,23
ORD_0406,SKU_0054,1,WP_0108,70,7,3,23
ORD_0406,SKU_0216,1,WP_0108,70,8,3,23
ORD_0252,SKU_0033,1,WP_0110,70,5,3,23
ORD_0405,SKU_0033,1,WP_0110,70,6,3,23
ORD_0406,SKU_0041,1,WP_0117,70,9,3,23
ORD_0063,SKU_0073,1,WP_0130,70,10,3,23
ORD_0098,SKU_0243,1,WP_0001,71,2,4,23
ORD_0098,SKU_0100,1,WP_0020,71,1,4,23
ORD_0259,SKU_0333,1,WP_0088,71,3,4,23
ORD_0069,SKU_0187,1,WP_0089,71,4,4,23
ORD_0259,SKU_0118,1,WP_0090,71,5,4,23
ORD_0066,SKU_0252,1,WP_0094,71,7,4,23
ORD_0098,SKU_0273,1,WP_0095,71,8,4,23
ORD_0259,SKU_0188,1,WP_0130,71,6,4,23
ORD_0066,SKU_0179,1,WP_0136,71,9,4,23
ORD_0069,SKU_0281,1,WP_0139,71,10,4,23
ORD_0072,SKU_0011,1,WP_0015,72,1,2,15
ORD_0071,SKU_0283,1,WP_0030,72,2,2,15
ORD_0274,SKU_0049,1,WP_0032,72,3,2,15
ORD_0175,SKU_0138,1,WP_0038,72,6,2,15
ORD_0175,SKU_0226,1,WP_0038,72,7,2,15
ORD_0072,SKU_0040,1,WP_0049,72,4,2,15
ORD_0071,SKU_0136,1,WP_0062,72,5,2,15
ORD_0175,SKU_0250,1,WP_0117,72,9,2,15
ORD_0071,SKU_0171,1,WP_0126,72,8,2,15
ORD_0071,SKU_0137,1,WP_0146,72,10,2,15
ORD_0274,SKU_0157,1,WP_0146,72,11,2,15
ORD_0175,SKU_0034,1,WP_0147,72,12,2,15
ORD_0175,SKU_0173,1,WP_0147,72,13,2,15
ORD_0215,SKU_0285,1,WP_0016,73,10,2,19
ORD_0285,SKU_0119,1,WP_0017,73,8,2,19
ORD_0285,SKU_0021,1,WP_0017,73,9,2,19
ORD_0237,SKU_0208,1,WP_0024,73,1,2,19
ORD_0123,SKU_0006,1,WP_0027,73,2,2,19
ORD_0123,SKU_0324,1,WP_0028,73,3,2,19
ORD_0285,SKU_0068,1,WP_0047,73,7,2,19
ORD_0215,SKU_0061,1,WP_0048,73,6,2,19
ORD_0123,SKU_0139,1,WP_0050,73,5,2,19
ORD_0237,SKU_0016,1,WP_0053,73,4,2,19
ORD_0123,SKU_0270,1,WP_0113,73,11,2,19
ORD_0285,SKU_0294,1,WP_0150,73,12,2,19
ORD_0074,SKU_0117,1,WP_0008,74,6,3,19
ORD_0478,SKU_0326,1,WP_0015,74,3,3,19
ORD_0478,SKU_0156,1,WP_0023,74,7,3,19
ORD_0413,SKU_0113,1,WP_0026,74,8,3,19
ORD_0478,SKU_0264,1,WP_0046,74,2,3,19
ORD_0413,SKU_0061,1,WP_0048,74,1,3,19
ORD_0074,SKU_0254,1,WP_0050,74,5,3,19
ORD_0074,SKU_0084,1,WP_0068,74,9,3,19
ORD_0074,SKU_0220,1,WP_0068,74,10,3,19
ORD_0073,SKU_0271,1,WP_0073,74,4,3,19
ORD_0073,SKU_0099,1,WP_0120,74,11,3,19
ORD_0073,SKU_0122,1,WP_0129,74,12,3,19
ORD_0075,SKU_0127,1,WP_0005,75,13,1,1
ORD_0158,SKU_0195,1,WP_0009,75,14,1,1
ORD_0256,SKU_0043,1,WP_0010,75,15,1,1
ORD_0247,SKU_0232,1,WP_0014,75,16,1,1
ORD_0247,SKU_0075,1,WP_0043,75,12,1,1
ORD_0158,SKU_0334,1,WP_0051,75,17,1,1
ORD_0075,SKU_0016,1,WP_0053,75,18,1,1
ORD_0247,SKU_0125,1,WP_0057,75,10,1,1
ORD_0247,SKU_0289,1,WP_0057,75,11,1,1
ORD_0256,SKU_0109,1,WP_0058,75,9,1,1
ORD_0158,SKU_0104,1,WP_0059,75,7,1,1
ORD_0158,SKU_0222,1,WP_0059,75,8,1,1
ORD_0256,SKU_0228,1,WP_0065,75,2,1,1
ORD_0256,SKU_0218,1,WP_0065,75,3,1,1
ORD_0247,SKU_0020,1,WP_0066,75,4,1,1
ORD_0158,SKU_0257,1,WP_0075,75,6,1,1
ORD_0256,SKU_0090,1,WP_0079,75,5,1,1
ORD_0075,SKU_0026,1,WP_0084,75,19,1,1
ORD_0075,SKU_0121,1,WP_0091,75,1,1,1
ORD_0075,SKU_0240,1,WP_0124,75,20,1,1
ORD_0293,SKU_0131,1,WP_0005,76,11,2,3
ORD_0341,SKU_0007,1,WP_0034,76,4,2,3
ORD_0341,SKU_0071,1,WP_0034,76,5,2,3
ORD_0078,SKU_0098,1,WP_0036,76,10,2,3
ORD_0079,SKU_0298,1,WP_0044,76,12,2,3
ORD_0078,SKU_0309,1,WP_0048,76,6,2,3
ORD_0078,SKU_0246,1,WP_0049,76,1,2,3
ORD_0341,SKU_0246,1,WP_0049,76,2,2,3
ORD_0341,SKU_0040,1,WP_0049,76,3,2,3
ORD_0293,SKU_0139,1,WP_0050,76,9,2,3
ORD_0293,SKU_0184,1,WP_0079,76,8,2,3
ORD_0079,SKU_0161,1,WP_0080,76,7,2,3
ORD_0293,SKU_0096,1,WP_0086,76,13,2,3
ORD_0078,SKU_0284,1,WP_0103,76,14,2,3
ORD_0341,SKU_0325,1,WP_0105,76,15,2,3
ORD_0078,SKU_0274,1,WP_0120,76,16,2,3
ORD_0079,SKU_0215,1,WP_0121,76,17,2,3
ORD_0079,SKU_0142,1,WP_0149,76,18,2,3
ORD_0338,SKU_0075,1,WP_0043,77,11,3,18
ORD_0080,SKU_0309,1,WP_0048,77,5,3,18
ORD_0410,SKU_0061,1,WP_0048,77,6,3,18
ORD_0410,SKU_0309,1,WP_0048,77,7,3,18
ORD_0080,SKU_0299,1,WP_0051,77,1,3,18
ORD_0103,SKU_0009,1,WP_0054,77,2,3,18
ORD_0103,SKU_0027,1,WP_0054,77,3,3,18
ORD_0103,SKU_0080,1,WP_0072,77,10,3,18
ORD_0338,SKU_0237,1,WP_0074,77,9,3,18
ORD_0410,SKU_0183,1,WP_0077,77,8,3,18
ORD_0080,SKU_0276,1,WP_0081,77,4,3,18
ORD_0338,SKU_0059,1,WP_0143,77,12,3,18
ORD_0081,SKU_0009,1,WP_0054,78,6,4,20
ORD_0204,SKU_0202,1,WP_0075,78,2,4,20
ORD_0128,SKU_0183,1,WP_0077,78,1,4,20
ORD_0081,SKU_0037,1,WP_0082,78,7,4,20
ORD_0081,SKU_0221,1,WP_0082,78,8,4,20
ORD_0182,SKU_0008,1,WP_0083,78,9,4,20
ORD_0182,SKU_0134,1,WP_0100,78,3,4,20
ORD_0204,SKU_0018,1,WP_0102,78,4,4,20
ORD_0128,SKU_0045,1,WP_0105,78,5,4,20
ORD_0081,SKU_0033,1,WP_0110,78,10,4,20
ORD_0081,SKU_0224,1,WP_0110,78,11,4,20
ORD_0331,SKU_0139,1,WP_0050,79,1,3,11
ORD_0331,SKU_0152,1,WP_0072,79,13,3,11
ORD_0268,SKU_0282,1,WP_0078,79,2,3,11
ORD_0364,SKU_0282,1,WP_0078,79,3,3,11
ORD_0364,SKU_0090,1,WP_0079,79,4,3,11
ORD_0212,SKU_0024,1,WP_0084,79,5,3,11
ORD_0364,SKU_0115,1,WP_0092,79,6,3,11
ORD_0331,SKU_0018,1,WP_0102,79,11,3,11
ORD_0331,SKU_0304,1,WP_0102,79,12,3,11
ORD_0268,SKU_0284,1,WP_0103,79,10,3,11
ORD_0364,SKU_0201,1,WP_0104,79,9,3,11
ORD_0212,SKU_0172,1,WP_0106,79,7,3,11
ORD_0212,SKU_0175,1,WP_0106,79,8,3,11
ORD_0331,SKU_0055,1,WP_0143,79,14,3,11
ORD_0364,SKU_0137,1,WP_0146,79,15,3,11
ORD_0457,SKU_0114,1,WP_0003,80,15,2,5
ORD_0149,SKU_0053,1,WP_0007,80,14,2,5
ORD_0082,SKU_0116,1,WP_0013,80,1,2,5
ORD_0149,SKU_0081,1,WP_0029,80,16,2,5
ORD_0149,SKU_0071,1,WP_0034,80,5,2,5
ORD_0457,SKU_0071,1,WP_0034,80,6,2,5
ORD_0082,SKU_0189,1,WP_0035,80,4,2,5
ORD_0082,SKU_0258,1,WP_0039,80,2,2,5
ORD_0229,SKU_0258,1,WP_0039,80,3,2,5
ORD_0082,SKU_0129,1,WP_0064,80,13,2,5
ORD_0457,SKU_0218,1,WP_0065,80,12,2,5
ORD_0229,SKU_0017,1,WP_0067,80,11,2,5
ORD_0149,SKU_0201,1,WP_0104,80,7,2,5
ORD_0229,SKU_0262,1,WP_0104,80,8,2,5
ORD_0082,SKU_0306,1,WP_0107,80,9,2,5
ORD_0457,SKU_0087,1,WP_0111,80,10,2,5
ORD_0149,SKU_0241,1,WP_0127,80,17,2,5
ORD_0105,SKU_0300,1,WP_0002,81,11,3,5
ORD_0173,SKU_0114,1,WP_0003,81,10,3,5
ORD_0089,SKU_0053,1,WP_0007,81,5,3,5
ORD_0085,SKU_0176,1,WP_0011,81,1,3,5
ORD_0085,SKU_0120,1,WP_0016,81,12,3,5
ORD_0085,SKU_0253,1,WP_0021,81,6,3,5
ORD_0105,SKU_0280,1,WP_0021,81,7,3,5
ORD_0105,SKU_0253,1,WP_0021,81,8,3,5
ORD_0105,SKU_0253,1,WP_0021,81,9,3,5
ORD_0105,SKU_0317,1,WP_0041,81,2,3,5
ORD_0089,SKU_0209,1,WP_0045,81,13,3,5
ORD_0089,SKU_0222,1,WP_0059,81,14,3,5
ORD_0173,SKU_0014,1,WP_0069,81,3,3,5
ORD_0089,SKU_0056,1,WP_0087,81,15,3,5
ORD_0089,SKU_0269,1,WP_0087,81,16,3,5
ORD_0173,SKU_0038,1,WP_0092,81,4,3,5
ORD_0085,SKU_0159,1,WP_0159,81,17,3,5
ORD_0469,SKU_0280,1,WP_0021,82,11,2,4
ORD_0090,SKU_0219,1,WP_0022,82,9,2,4
ORD_0090,SKU_0307,1,WP_0022,82,10,2,4
ORD_0091,SKU_0156,1,WP_0023,82,8,2,4
ORD_0214,SKU_0279,1,WP_0025,82,7,2,4
ORD_0091,SKU_0272,1,WP_0026,82,6,2,4
ORD_0214,SKU_0007,1,WP_0034,82,12,2,4
ORD_0469,SKU_0098,1,WP_0036,82,1,2,4
ORD_0090,SKU_0317,1,WP_0041,82,4,2,4
ORD_0469,SKU_0268,1,WP_0041,82,5,2,4
ORD_0090,SKU_0077,1,WP_0042,82,2,2,4
ORD_0214,SKU_0107,1,WP_0042,82,3,2,4
ORD_0090,SKU_0126,1,WP_0076,82,13,2,4
ORD_0091,SKU_0275,1,WP_0088,82,14,2,4
ORD_0091,SKU_0333,1,WP_0088,82,15,2,4
ORD_0214,SKU_0306,1,WP_0107,82,16,2,4
ORD_0214,SKU_0099,1,WP_0120,82,17,2,4
ORD_0091,SKU_0013,1,WP_0145,82,18,2,4
ORD_0192,SKU_0035,1,WP_0002,83,3,2,12
ORD_0094,SKU_0195,1,WP_0009,83,7,2,12
ORD_0094,SKU_0180,1,WP_0009,83,8,2,12
ORD_0192,SKU_0085,1,WP_0011,83,9,2,12
ORD_0094,SKU_0021,1,WP_0017,83,2,2,12
ORD_0362,SKU_0143,1,WP_0018,83,1,2,12
ORD_0452,SKU_0307,1,WP_0022,83,6,2,12
ORD_0192,SKU_0324,1,WP_0028,83,10,2,12
ORD_0192,SKU_0257,1,WP_0075,83,4,2,12
ORD_0362,SKU_0199,1,WP_0091,83,5,2,12
ORD_0452,SKU_0206,1,WP_0096,83,11,2,12
ORD_0094,SKU_0185,1,WP_0134,83,12,2,12
ORD_0192,SKU_0210,1,WP_0134,83,13,2,12
ORD_0362,SKU_0312,1,WP_0150,83,14,2,12
ORD_0097,SKU_0081,1,WP_0029,84,4,4,7
ORD_0100,SKU_0067,1,WP_0037,84,1,4,7
ORD_0194,SKU_0044,1,WP_0037,84,2,4,7
ORD_0096,SKU_0112,1,WP_0076,84,3,4,7
ORD_0096,SKU_0333,1,WP_0088,84,8,4,7
ORD_0194,SKU_0102,1,WP_0100,84,6,4,7
ORD_0096,SKU_0304,1,WP_0102,84,7,4,7
ORD_0097,SKU_0132,1,WP_0107,84,9,4,7
ORD_0097,SKU_0306,1,WP_0107,84,10,4,7
ORD_0100,SKU_0290,1,WP_0109,84,11,4,7
ORD_0100,SKU_0224,1,WP_0110,84,12,4,7
ORD_0096,SKU_0122,1,WP_0129,84,5,4,7
ORD_0097,SKU_0065,1,WP_0152,84,13,4,7
ORD_0109,SKU_0119,1,WP_0017,85,7,3,12
ORD_0307,SKU_0279,1,WP_0025,85,1,3,12
ORD_0416,SKU_0113,1,WP_0026,85,2,3,12
ORD_0427,SKU_0049,1,WP_0032,85,6,3,12
ORD_0109,SKU_0098,1,WP_0036,85,5,3,12
ORD_0307,SKU_0318,1,WP_0040,85,4,3,12
ORD_0416,SKU_0268,1,WP_0041,85,3,3,12
ORD_0427,SKU_0154,1,WP_0101,85,8,3,12
ORD_0427,SKU_0140,1,WP_0129,85,9,3,12
ORD_0109,SKU_0073,1,WP_0130,85,10,3,12
ORD_0109,SKU_0188,1,WP_0130,85,11,3,12
ORD_0307,SKU_0185,1,WP_0134,85,12,3,12
ORD_0416,SKU_0030,1,WP_0136,85,13,3,12
ORD_0427,SKU_0168,1,WP_0153,85,14,3,12
ORD_0136,SKU_0032,1,WP_0019,86,1,3,6
ORD_0115,SKU_0230,1,WP_0024,86,2,3,6
ORD_0424,SKU_0230,1,WP_0024,86,3,3,6
ORD_0112,SKU_0138,1,WP_0038,86,4,3,6
ORD_0136,SKU_0222,1,WP_0059,86,6,3,6
ORD_0424,SKU_0297,1,WP_0061,86,5,3,6
ORD_0115,SKU_0302,1,WP_0074,86,7,3,6
ORD_0115,SKU_0237,1,WP_0074,86,8,3,6
ORD_0424,SKU_0015,1,WP_0078,86,9,3,6
ORD_0136,SKU_0276,1,WP_0081,86,10,3,6
ORD_0424,SKU_0037,1,WP_0082,86,11,3,6
ORD_0112,SKU_0036,1,WP_0093,86,13,3,6
ORD_0115,SKU_0083,1,WP_0096,86,12,3,6
ORD_0115,SKU_0250,1,WP_0117,86,15,3,6
ORD_0424,SKU_0263,1,WP_0123,86,14,3,6
ORD_0112,SKU_0174,1,WP_0132,86,16,3,6
ORD_0112,SKU_0076,1,WP_0165,86,17,3,6
ORD_0443,SKU_0114,1,WP_0003,87,1,2,8
ORD_0171,SKU_0117,1,WP_0008,87,2,2,8
ORD_0183,SKU_0255,1,WP_0008,87,3,2,8
ORD_0119,SKU_0203,1,WP_0014,87,6,2,8
ORD_0443,SKU_0138,1,WP_0038,87,4,2,8
ORD_0171,SKU_0107,1,WP_0042,87,5,2,8
ORD_0119,SKU_0045,1,WP_0105,87,10,2,8
ORD_0171,SKU_0325,1,WP_0105,87,11,2,8
ORD_0171,SKU_0045,1,WP_0105,87,12,2,8
ORD_0443,SKU_0132,1,WP_0107,87,9,2,8
ORD_0183,SKU_0290,1,WP_0109,87,7,2,8
ORD_0183,SKU_0205,1,WP_0109,87,8,2,8
ORD_0443,SKU_0181,1,WP_0118,87,13,2,8
ORD_0119,SKU_0225,1,WP_0121,87,14,2,8
ORD_0119,SKU_0215,1,WP_0121,87,15,2,8
ORD_0183,SKU_0240,1,WP_0124,87,16,2,8
ORD_0120,SKU_0130,1,WP_0032,88,4,4,6
ORD_0120,SKU_0265,1,WP_0033,88,3,4,6
ORD_0389,SKU_0007,1,WP_0034,88,2,4,6
ORD_0141,SKU_0069,1,WP_0043,88,5,4,6
ORD_0121,SKU_0029,1,WP_0052,88,1,4,6
ORD_0120,SKU_0136,1,WP_0062,88,10,4,6
ORD_0389,SKU_0305,1,WP_0064,88,11,4,6
ORD_0389,SKU_0187,1,WP_0089,88,9,4,6
ORD_0120,SKU_0115,1,WP_0092,88,12,4,6
ORD_0389,SKU_0206,1,WP_0096,88,14,4,6
ORD_0141,SKU_0132,1,WP_0107,88,15,4,6
ORD_0121,SKU_0290,1,WP_0109,88,13,4,6
ORD_0121,SKU_0166,1,WP_0119,88,8,4,6
ORD_0141,SKU_0010,1,WP_0122,88,16,4,6
ORD_0121,SKU_0078,1,WP_0128,88,6,4,6
ORD_0389,SKU_0256,1,WP_0133,88,7,4,6
ORD_0120,SKU_0213,1,WP_0135,88,17,4,6
ORD_0187,SKU_0053,1,WP_0007,89,1,4,18
ORD_0225,SKU_0093,1,WP_0020,89,2,4,18
ORD_0127,SKU_0279,1,WP_0025,89,3,4,18
ORD_0225,SKU_0279,1,WP_0025,89,4,4,18
ORD_0125,SKU_0178,1,WP_0060,89,8,4,18
ORD_0187,SKU_0020,1,WP_0066,89,6,4,18
ORD_0187,SKU_0051,1,WP_0066,89,7,4,18
ORD_0187,SKU_0140,1,WP_0129,89,9,4,18
ORD_0187,SKU_0236,1,WP_0133,89,10,4,18
ORD_0125,SKU_0194,1,WP_0140,89,5,4,18
ORD_0127,SKU_0323,1,WP_0158,89,11,4,18
ORD_0225,SKU_0162,1,WP_0159,89,12,4,18
ORD_0479,SKU_0176,1,WP_0011,90,5,2,1
ORD_0130,SKU_0191,1,WP_0012,90,6,2,1
ORD_0130,SKU_0130,1,WP_0032,90,1,2,1
ORD_0130,SKU_0298,1,WP_0044,90,2,2,1
ORD_0479,SKU_0031,1,WP_0056,90,7,2,1
ORD_0248,SKU_0302,1,WP_0074,90,3,2,1
ORD_0131,SKU_0015,1,WP_0078,90,4,2,1
ORD_0479,SKU_0099,1,WP_0120,90,9,2,1
ORD_0479,SKU_0274,1,WP_0120,90,10,2,1
ORD_0130,SKU_0225,1,WP_0121,90,11,2,1
ORD_0248,SKU_0055,1,WP_0143,90,12,2,1
ORD_0479,SKU_0329,1,WP_0148,90,14,2,1
ORD_0130,SKU_0065,1,WP_0152,90,8,2,1
ORD_0131,SKU_0003,1,WP_0157,90,13,2,1
ORD_0248,SKU_0147,1,WP_0163,90,15,2,1
ORD_0248,SKU_0135,1,WP_0163,90,16,2,1
ORD_0132,SKU_0191,1,WP_0012,91,1,4,8
ORD_0132,SKU_0200,1,WP_0018,91,6,4,8
ORD_0132,SKU_0032,1,WP_0019,91,4,4,8
ORD_0134,SKU_0032,1,WP_0019,91,5,4,8
ORD_0134,SKU_0197,1,WP_0030,91,9,4,8
ORD_0132,SKU_0189,1,WP_0035,91,10,4,8
ORD_0220,SKU_0227,1,WP_0039,91,2,4,8
ORD_0220,SKU_0182,1,WP_0044,91,8,4,8
ORD_0134,SKU_0016,1,WP_0053,91,3,4,8
ORD_0311,SKU_0084,1,WP_0068,91,13,4,8
ORD_0311,SKU_0090,1,WP_0079,91,11,4,8
ORD_0311,SKU_0184,1,WP_0079,91,12,4,8
ORD_0134,SKU_0328,1,WP_0085,91,7,4,8
ORD_0220,SKU_0217,1,WP_0095,91,14,4,8
ORD_0132,SKU_0133,1,WP_0124,91,15,4,8
ORD_0311,SKU_0002,1,WP_0161,91,16,4,8
ORD_0147,SKU_0195,1,WP_0009,92,1,1,2
ORD_0147,SKU_0119,1,WP_0017,92,10,1,2
ORD_0402,SKU_0081,1,WP_0029,92,8,1,2
ORD_0402,SKU_0004,1,WP_0029,92,9,1,2
ORD_0388,SKU_0170,1,WP_0033,92,6,1,2
ORD_0147,SKU_0071,1,WP_0034,92,5,1,2
ORD_0386,SKU_0189,1,WP_0035,92,4,1,2
ORD_0388,SKU_0264,1,WP_0046,92,7,1,2
ORD_0402,SKU_0040,1,WP_0049,92,3,1,2
ORD_0386,SKU_0254,1,WP_0050,92,2,1,2
ORD_0386,SKU_0316,1,WP_0058,92,11,1,2
ORD_0147,SKU_0184,1,WP_0079,92,13,1,2
ORD_0147,SKU_0090,1,WP_0079,92,14,1,2
ORD_0386,SKU_0269,1,WP_0087,92,12,1,2
ORD_0388,SKU_0321,1,WP_0098,92,15,1,2
ORD_0402,SKU_0301,1,WP_0098,92,16,1,2
ORD_0386,SKU_0215,1,WP_0121,92,17,1,2
ORD_0402,SKU_0225,1,WP_0121,92,18,1,2
ORD_0388,SKU_0323,1,WP_0158,92,19,1,2
ORD_0152,SKU_0117,1,WP_0008,93,1,4,5
ORD_0185,SKU_0176,1,WP_0011,93,2,4,5
ORD_0152,SKU_0232,1,WP_0014,93,3,4,5
ORD_0302,SKU_0021,1,WP_0017,93,10,4,5
ORD_0150,SKU_0280,1,WP_0021,93,9,4,5
ORD_0150,SKU_0331,1,WP_0046,93,11,4,5
ORD_0302,SKU_0158,1,WP_0052,93,8,4,5
ORD_0152,SKU_0104,1,WP_0059,93,12,4,5
ORD_0185,SKU_0020,1,WP_0066,93,5,4,5
ORD_0302,SKU_0080,1,WP_0072,93,13,4,5
ORD_0150,SKU_0282,1,WP_0078,93,6,4,5
ORD_0150,SKU_0015,1,WP_0078,93,7,4,5
ORD_0150,SKU_0275,1,WP_0088,93,15,4,5
ORD_0152,SKU_0267,1,WP_0101,93,14,4,5
ORD_0185,SKU_0087,1,WP_0111,93,4,4,5
ORD_0152,SKU_0239,1,WP_0119,93,16,4,5
ORD_0185,SKU_0311,1,WP_0151,93,17,4,5
ORD_0159,SKU_0101,1,WP_0019,94,1,3,7
ORD_0169,SKU_0307,1,WP_0022,94,2,3,7
ORD_0169,SKU_0293,1,WP_0063,94,7,3,7
ORD_0159,SKU_0228,1,WP_0065,94,3,3,7
ORD_0399,SKU_0229,1,WP_0073,94,8,3,7
ORD_0153,SKU_0161,1,WP_0080,94,4,3,7
ORD_0399,SKU_0036,1,WP_0093,94,6,3,7
ORD_0153,SKU_0062,1,WP_0094,94,5,3,7
ORD_0159,SKU_0231,1,WP_0113,94,9,3,7
ORD_0399,SKU_0303,1,WP_0118,94,10,3,7
ORD_0399,SKU_0181,1,WP_0118,94,11,3,7
ORD_0153,SKU_0166,1,WP_0119,94,12,3,7
ORD_0153,SKU_0263,1,WP_0123,94,13,3,7
ORD_0169,SKU_0240,1,WP_0124,94,14,3,7
ORD_0169,SKU_0133,1,WP_0124,94,15,3,7
ORD_0399,SKU_0308,1,WP_0151,94,16,3,7
ORD_0159,SKU_0159,1,WP_0159,94,17,3,7
ORD_0160,SKU_0100,1,WP_0020,95,3,3,1
ORD_0160,SKU_0253,1,WP_0021,95,1,3,1
ORD_0419,SKU_0280,1,WP_0021,95,2,3,1
ORD_0167,SKU_0007,1,WP_0034,95,4,3,1
ORD_0160,SKU_0098,1,WP_0036,95,11,3,1
ORD_0419,SKU_0227,1,WP_0039,95,13,3,1
ORD_0174,SKU_0068,1,WP_0047,95,5,3,1
ORD_0160,SKU_0061,1,WP_0048,95,6,3,1
ORD_0167,SKU_0254,1,WP_0050,95,9,3,1
ORD_0167,SKU_0139,1,WP_0050,95,10,3,1
ORD_0419,SKU_0251,1,WP_0053,95,12,3,1
ORD_0167,SKU_0293,1,WP_0063,95,7,3,1
ORD_0167,SKU_0151,1,WP_0077,95,8,3,1
ORD_0174,SKU_0083,1,WP_0096,95,14,3,1
ORD_0174,SKU_0128,1,WP_0115,95,15,3,1
ORD_0174,SKU_0234,1,WP_0144,95,16,3,1
ORD_0201,SKU_0035,1,WP_0002,96,9,1,21
ORD_0244,SKU_0288,1,WP_0004,96,10,1,21
ORD_0291,SKU_0180,1,WP_0009,96,1,1,21
ORD_0177,SKU_0043,1,WP_0010,96,2,1,21
ORD_0244,SKU_0116,1,WP_0013,96,3,1,21
ORD_0244,SKU_0316,1,WP_0058,96,7,1,21
ORD_0244,SKU_0109,1,WP_0058,96,8,1,21
ORD_0291,SKU_0260,1,WP_0060,96,6,1,21
ORD_0177,SKU_0051,1,WP_0066,96,5,1,21
ORD_0201,SKU_0220,1,WP_0068,96,4,1,21
ORD_0244,SKU_0325,1,WP_0105,96,11,1,21
ORD_0178,SKU_0260,1,WP_0060,97,5,1,16
ORD_0178,SKU_0178,1,WP_0060,97,6,1,16
ORD_0474,SKU_0260,1,WP_0060,97,7,1,16
ORD_0179,SKU_0228,1,WP_0065,97,4,1,16
ORD_0316,SKU_0149,1,WP_0069,97,2,1,16
ORD_0316,SKU_0014,1,WP_0069,97,3,1,16
ORD_0179,SKU_0144,1,WP_0099,97,8,1,16
ORD_0179,SKU_0054,1,WP_0108,97,1,1,16
ORD_0316,SKU_0192,1,WP_0132,97,9,1,16
ORD_0474,SKU_0329,1,WP_0148,97,10,1,16
ORD_0178,SKU_0312,1,WP_0150,97,11,1,16
ORD_0316,SKU_0164,1,WP_0152,97,12,1,16
ORD_0316,SKU_0327,1,WP_0154,97,13,1,16
ORD_0426,SKU_0180,1,WP_0009,98,1,1,10
ORD_0195,SKU_0156,1,WP_0023,98,2,1,10
ORD_0195,SKU_0244,1,WP_0047,98,9,1,10
ORD_0466,SKU_0104,1,WP_0059,98,12,1,10
ORD_0426,SKU_0260,1,WP_0060,98,11,1,10
ORD_0426,SKU_0136,1,WP_0062,98,10,1,10
ORD_0270,SKU_0228,1,WP_0065,98,3,1,10
ORD_0195,SKU_0206,1,WP_0096,98,4,1,10
ORD_0195,SKU_0083,1,WP_0096,98,5,1,10
ORD_0426,SKU_0001,1,WP_0099,98,13,1,10
ORD_0466,SKU_0154,1,WP_0101,98,14,1,10
ORD_0270,SKU_0325,1,WP_0105,98,8,1,10
ORD_0426,SKU_0172,1,WP_0106,98,6,1,10
ORD_0195,SKU_0239,1,WP_0119,98,7,1,10
ORD_0466,SKU_0248,1,WP_0142,98,15,1,10
ORD_0317,SKU_0011,1,WP_0015,99,6,4,15
ORD_0200,SKU_0021,1,WP_0017,99,5,4,15
ORD_0442,SKU_0101,1,WP_0019,99,4,4,15
ORD_0305,SKU_0219,1,WP_0022,99,1,4,15
ORD_0442,SKU_0061,1,WP_0048,99,3,4,15
ORD_0442,SKU_0310,1,WP_0063,99,2,4,15
ORD_0442,SKU_0296,1,WP_0093,99,11,4,15
ORD_0200,SKU_0201,1,WP_0104,99,10,4,15
ORD_0317,SKU_0097,1,WP_0114,99,7,4,15
ORD_0200,SKU_0214,1,WP_0115,99,8,4,15
ORD_0305,SKU_0166,1,WP_0119,99,9,4,15
ORD_0442,SKU_0274,1,WP_0120,99,12,4,15
ORD_0200,SKU_0070,1,WP_0161,99,13,4,15
ORD_0202,SKU_0145,1,WP_0003,100,9,4,10
ORD_0203,SKU_0048,1,WP_0006,100,8,4,10
ORD_0281,SKU_0191,1,WP_0012,100,5,4,10
ORD_0281,SKU_0247,1,WP_0012,100,6,4,10
ORD_0203,SKU_0232,1,WP_0014,100,3,4,10
ORD_0281,SKU_0326,1,WP_0015,100,10,4,10
ORD_0375,SKU_0123,1,WP_0023,100,7,4,10
ORD_0203,SKU_0089,1,WP_0027,100,4,4,10
ORD_0375,SKU_0317,1,WP_0041,100,2,4,10
ORD_0203,SKU_0027,1,WP_0054,100,1,4,10
ORD_0281,SKU_0102,1,WP_0100,100,11,4,10
ORD_0281,SKU_0175,1,WP_0106,100,12,4,10
ORD_0202,SKU_0216,1,WP_0108,100,13,4,10
ORD_0375,SKU_0303,1,WP_0118,100,14,4,10
ORD_0375,SKU_0239,1,WP_0119,100,15,4,10
ORD_0343,SKU_0145,1,WP_0003,101,3,3,13
ORD_0393,SKU_0066,1,WP_0006,101,1,3,13
ORD_0411,SKU_0066,1,WP_0006,101,2,3,13
ORD_0206,SKU_0195,1,WP_0009,101,7,3,13
ORD_0393,SKU_0247,1,WP_0012,101,8,3,13
ORD_0411,SKU_0079,1,WP_0028,101,9,3,13
ORD_0343,SKU_0189,1,WP_0035,101,4,3,13
ORD_0206,SKU_0138,1,WP_0038,101,11,3,13
ORD_0393,SKU_0318,1,WP_0040,101,10,3,13
ORD_0411,SKU_0299,1,WP_0051,101,12,3,13
ORD_0343,SKU_0297,1,WP_0061,101,5,3,13
ORD_0393,SKU_0277,1,WP_0061,101,6,3,13
ORD_0393,SKU_0129,1,WP_0064,101,13,3,13
ORD_0206,SKU_0051,1,WP_0066,101,14,3,13
ORD_0461,SKU_0313,1,WP_0004,102,12,3,3
ORD_0464,SKU_0117,1,WP_0008,102,3,3,3
ORD_0446,SKU_0180,1,WP_0009,102,2,3,3
ORD_0209,SKU_0113,1,WP_0026,102,1,3,3
ORD_0464,SKU_0204,1,WP_0031,102,13,3,3
ORD_0461,SKU_0098,1,WP_0036,102,6,3,3
ORD_0461,SKU_0074,1,WP_0036,102,7,3,3
ORD_0446,SKU_0044,1,WP_0037,102,5,3,3
ORD_0209,SKU_0318,1,WP_0040,102,4,3,3
ORD_0446,SKU_0316,1,WP_0058,102,14,3,3
ORD_0209,SKU_0218,1,WP_0065,102,11,3,3
ORD_0464,SKU_0051,1,WP_0066,102,10,3,3
ORD_0461,SKU_0286,1,WP_0067,102,8,3,3
ORD_0461,SKU_0017,1,WP_0067,102,9,3,3
ORD_0464,SKU_0271,1,WP_0073,102,16,3,3
ORD_0209,SKU_0237,1,WP_0074,102,15,3,3
ORD_0446,SKU_0214,1,WP_0115,102,17,3,3
ORD_0464,SKU_0072,1,WP_0125,102,18,3,3
ORD_0451,SKU_0307,1,WP_0022,103,2,2,9
ORD_0456,SKU_0156,1,WP_0023,103,1,2,9
ORD_0451,SKU_0049,1,WP_0032,103,5,2,9
ORD_0456,SKU_0226,1,WP_0038,103,3,2,9
ORD_0313,SKU_0075,1,WP_0043,103,7,2,9
ORD_0313,SKU_0209,1,WP_0045,103,6,2,9
ORD_0210,SKU_0246,1,WP_0049,103,4,2,9
ORD_0313,SKU_0178,1,WP_0060,103,10,2,9
ORD_0210,SKU_0020,1,WP_0066,103,11,2,9
ORD_0451,SKU_0286,1,WP_0067,103,12,2,9
ORD_0456,SKU_0111,1,WP_0070,103,14,2,9
ORD_0456,SKU_0110,1,WP_0081,103,13,2,9
ORD_0451,SKU_0267,1,WP_0101,103,8,2,9
ORD_0456,SKU_0050,1,WP_0103,103,9,2,9
ORD_0313,SKU_0146,1,WP_0125,103,15,2,9
ORD_0210,SKU_0308,1,WP_0151,103,16,2,9
ORD_0447,SKU_0068,1,WP_0047,104,1,2,24
ORD_0211,SKU_0139,1,WP_0050,104,3,2,24
ORD_0358,SKU_0139,1,WP_0050,104,4,2,24
ORD_0431,SKU_0155,1,WP_0055,104,5,2,24
ORD_0447,SKU_0289,1,WP_0057,104,2,2,24
ORD_0358,SKU_0020,1,WP_0066,104,7,2,24
ORD_0431,SKU_0014,1,WP_0069,104,6,2,24
ORD_0358,SKU_0062,1,WP_0094,104,8,2,24
ORD_0211,SKU_0185,1,WP_0134,104,9,2,24
ORD_0359,SKU_0334,1,WP_0051,105,2,1,24
ORD_0359,SKU_0299,1,WP_0051,105,3,1,24
ORD_0301,SKU_0027,1,WP_0054,105,1,1,24
ORD_0423,SKU_0112,1,WP_0076,105,5,1,24
ORD_0221,SKU_0151,1,WP_0077,105,4,1,24
ORD_0221,SKU_0322,1,WP_0085,105,6,1,24
ORD_0423,SKU_0096,1,WP_0086,105,7,1,24
ORD_0359,SKU_0186,1,WP_0131,105,8,1,24
ORD_0359,SKU_0174,1,WP_0132,105,9,1,24
ORD_0301,SKU_0210,1,WP_0134,105,10,1,24
ORD_0231,SKU_0300,1,WP_0002,106,3,4,19
ORD_0235,SKU_0313,1,WP_0004,106,1,4,19
ORD_0235,SKU_0288,1,WP_0004,106,2,4,19
ORD_0232,SKU_0151,1,WP_0077,106,7,4,19
ORD_0414,SKU_0151,1,WP_0077,106,8,4,19
ORD_0231,SKU_0184,1,WP_0079,106,9,4,19
ORD_0231,SKU_0187,1,WP_0089,106,6,4,19
ORD_0235,SKU_0252,1,WP_0094,106,10,4,19
ORD_0232,SKU_0241,1,WP_0127,106,4,4,19
ORD_0414,SKU_0174,1,WP_0132,106,5,4,19
ORD_0232,SKU_0198,1,WP_0140,106,11,4,19
ORD_0231,SKU_0157,1,WP_0146,106,12,4,19
ORD_0266,SKU_0243,1,WP_0001,107,6,2,7
ORD_0238,SKU_0035,1,WP_0002,107,4,2,7
ORD_0238,SKU_0300,1,WP_0002,107,5,2,7
ORD_0266,SKU_0313,1,WP_0004,107,2,2,7
ORD_0417,SKU_0313,1,WP_0004,107,3,2,7
ORD_0417,SKU_0127,1,WP_0005,107,1,2,7
ORD_0384,SKU_0116,1,WP_0013,107,10,2,7
ORD_0384,SKU_0266,1,WP_0013,107,11,2,7
ORD_0238,SKU_0004,1,WP_0029,107,7,2,7
ORD_0417,SKU_0258,1,WP_0039,107,12,2,7
ORD_0417,SKU_0094,1,WP_0090,107,9,2,7
ORD_0266,SKU_0150,1,WP_0116,107,8,2,7
ORD_0384,SKU_0215,1,WP_0121,107,14,2,7
ORD_0238,SKU_0146,1,WP_0125,107,13,2,7
ORD_0384,SKU_0196,1,WP_0158,107,16,2,7
ORD_0417,SKU_0002,1,WP_0161,107,15,2,7
ORD_0238,SKU_0058,1,WP_0162,107,17,2,7
ORD_0391,SKU_0313,1,WP_0004,108,6,1,20
ORD_0379,SKU_0127,1,WP_0005,108,5,1,20
ORD_0239,SKU_0043,1,WP_0010,108,3,1,20
ORD_0309,SKU_0106,1,WP_0010,108,4,1,20
ORD_0309,SKU_0247,1,WP_0012,108,2,1,20
ORD_0391,SKU_0116,1,WP_0013,108,1,1,20
ORD_0239,SKU_0229,1,WP_0073,108,7,1,20
ORD_0239,SKU_0271,1,WP_0073,108,8,1,20
ORD_0309,SKU_0257,1,WP_0075,108,9,1,20
ORD_0379,SKU_0202,1,WP_0075,108,10,1,20
ORD_0391,SKU_0184,1,WP_0079,108,11,1,20
ORD_0475,SKU_0145,1,WP_0003,109,5,4,12
ORD_0240,SKU_0204,1,WP_0031,109,4,4,12
ORD_0253,SKU_0265,1,WP_0033,109,3,4,12
ORD_0287,SKU_0227,1,WP_0039,109,1,4,12
ORD_0475,SKU_0177,1,WP_0071,109,6,4,12
ORD_0240,SKU_0091,1,WP_0086,109,7,4,12
ORD_0287,SKU_0096,1,WP_0086,109,8,4,12
ORD_0253,SKU_0118,1,WP_0090,109,9,4,12
ORD_0253,SKU_0094,1,WP_0090,109,10,4,12
ORD_0253,SKU_0250,1,WP_0117,109,12,4,12
ORD_0253,SKU_0041,1,WP_0117,109,13,4,12
ORD_0240,SKU_0166,1,WP_0119,109,11,4,12
ORD_0287,SKU_0169,1,WP_0126,109,2,4,12
ORD_0287,SKU_0173,1,WP_0147,109,14,4,12
ORD_0241,SKU_0127,1,WP_0005,110,1,1,9
ORD_0282,SKU_0131,1,WP_0005,110,2,1,9
ORD_0254,SKU_0176,1,WP_0011,110,7,1,9
ORD_0254,SKU_0085,1,WP_0011,110,8,1,9
ORD_0241,SKU_0230,1,WP_0024,110,6,1,9
ORD_0282,SKU_0324,1,WP_0028,110,9,1,9
ORD_0254,SKU_0004,1,WP_0029,110,3,1,9
ORD_0422,SKU_0130,1,WP_0032,110,4,1,9
ORD_0241,SKU_0246,1,WP_0049,110,5,1,9
ORD_0241,SKU_0126,1,WP_0076,110,11,1,9
ORD_0282,SKU_0221,1,WP_0082,110,10,1,9
ORD_0422,SKU_0319,1,WP_0089,110,12,1,9
ORD_0254,SKU_0050,1,WP_0103,110,13,1,9
ORD_0241,SKU_0261,1,WP_0142,110,14,1,9
ORD_0282,SKU_0278,1,WP_0144,110,15,1,9
ORD_0282,SKU_0234,1,WP_0144,110,16,1,9
ORD_0336,SKU_0195,1,WP_0009,111,7,4,13
ORD_0347,SKU_0116,1,WP_0013,111,8,4,13
ORD_0323,SKU_0032,1,WP_0019,111,1,4,13
ORD_0255,SKU_0100,1,WP_0020,111,2,4,13
ORD_0255,SKU_0141,1,WP_0031,111,3,4,13
ORD_0347,SKU_0141,1,WP_0031,111,4,4,13
ORD_0323,SKU_0067,1,WP_0037,111,6,4,13
ORD_0336,SKU_0227,1,WP_0039,111,5,4,13
ORD_0255,SKU_0275,1,WP_0088,111,11,4,13
ORD_0323,SKU_0088,1,WP_0097,111,10,4,13
ORD_0255,SKU_0171,1,WP_0126,111,9,4,13
ORD_0323,SKU_0092,1,WP_0128,111,13,4,13
ORD_0255,SKU_0192,1,WP_0132,111,12,4,13
ORD_0323,SKU_0295,1,WP_0145,111,14,4,13
ORD_0409,SKU_0280,1,WP_0021,112,1,3,4
ORD_0409,SKU_0049,1,WP_0032,112,7,3,4
ORD_0327,SKU_0069,1,WP_0043,112,4,3,4
ORD_0329,SKU_0264,1,WP_0046,112,5,3,4
ORD_0329,SKU_0331,1,WP_0046,112,6,3,4
ORD_0260,SKU_0029,1,WP_0052,112,8,3,4
ORD_0260,SKU_0238,1,WP_0055,112,9,3,4
ORD_0260,SKU_0178,1,WP_0060,112,3,3,4
ORD_0327,SKU_0310,1,WP_0063,112,2,3,4
ORD_0409,SKU_0129,1,WP_0064,112,11,3,4
ORD_0329,SKU_0017,1,WP_0067,112,10,3,4
ORD_0409,SKU_0118,1,WP_0090,112,12,3,4
ORD_0409,SKU_0012,1,WP_0135,112,15,3,4
ORD_0327,SKU_0330,1,WP_0160,112,13,3,4
ORD_0327,SKU_0153,1,WP_0160,112,14,3,4
ORD_0260,SKU_0163,1,WP_0164,112,16,3,4
ORD_0260,SKU_0193,1,WP_0164,112,17,3,4
ORD_0329,SKU_0052,1,WP_0166,112,18,3,4
ORD_0265,SKU_0145,1,WP_0003,113,2,3,10
ORD_0262,SKU_0025,1,WP_0025,113,1,3,10
ORD_0262,SKU_0170,1,WP_0033,113,4,3,10
ORD_0396,SKU_0264,1,WP_0046,113,3,3,10
ORD_0392,SKU_0040,1,WP_0049,113,5,3,10
ORD_0265,SKU_0029,1,WP_0052,113,6,3,10
ORD_0392,SKU_0051,1,WP_0066,113,7,3,10
ORD_0262,SKU_0094,1,WP_0090,113,8,3,10
ORD_0262,SKU_0134,1,WP_0100,113,9,3,10
ORD_0265,SKU_0132,1,WP_0107,113,12,3,10
ORD_0392,SKU_0030,1,WP_0136,113,13,3,10
ORD_0265,SKU_0173,1,WP_0147,113,11,3,10
ORD_0265,SKU_0311,1,WP_0151,113,14,3,10
ORD_0396,SKU_0162,1,WP_0159,113,10,3,10
ORD_0392,SKU_0148,1,WP_0165,113,15,3,10
ORD_0269,SKU_0313,1,WP_0004,114,1,1,14
ORD_0470,SKU_0117,1,WP_0008,114,2,1,14
ORD_0385,SKU_0195,1,WP_0009,114,3,1,14
ORD_0269,SKU_0158,1,WP_0052,114,6,1,14
ORD_0470,SKU_0009,1,WP_0054,114,5,1,14
ORD_0385,SKU_0103,1,WP_0056,114,4,1,14
ORD_0470,SKU_0125,1,WP_0057,114,10,1,14
ORD_0271,SKU_0262,1,WP_0104,114,7,1,14
ORD_0271,SKU_0105,1,WP_0114,114,9,1,14
ORD_0271,SKU_0236,1,WP_0133,114,8,1,14
ORD_0269,SKU_0295,1,WP_0145,114,12,1,14
ORD_0470,SKU_0095,1,WP_0149,114,13,1,14
ORD_0269,SKU_0160,1,WP_0157,114,11,1,14
ORD_0385,SKU_0163,1,WP_0164,114,14,1,14
ORD_0473,SKU_0145,1,WP_0003,115,7,4,3
ORD_0273,SKU_0066,1,WP_0006,115,6,4,3
ORD_0318,SKU_0106,1,WP_0010,115,5,4,3
ORD_0272,SKU_0085,1,WP_0011,115,4,4,3
ORD_0473,SKU_0266,1,WP_0013,115,3,4,3
ORD_0318,SKU_0170,1,WP_0033,115,12,4,3
ORD_0273,SKU_0258,1,WP_0039,115,2,4,3
ORD_0318,SKU_0318,1,WP_0040,115,1,4,3
ORD_0272,SKU_0289,1,WP_0057,115,8,4,3
ORD_0273,SKU_0297,1,WP_0061,115,11,4,3
ORD_0473,SKU_0229,1,WP_0073,115,10,4,3
ORD_0272,SKU_0302,1,WP_0074,115,9,4,3
ORD_0272,SKU_0078,1,WP_0128,115,15,4,3
ORD_0473,SKU_0019,1,WP_0131,115,14,4,3
ORD_0473,SKU_0047,1,WP_0137,115,13,4,3
ORD_0318,SKU_0013,1,WP_0145,115,16,4,3
ORD_0273,SKU_0034,1,WP_0147,115,17,4,3
ORD_0318,SKU_0147,1,WP_0163,115,18,4,3
ORD_0284,SKU_0243,1,WP_0001,116,9,1,4
ORD_0352,SKU_0255,1,WP_0008,116,7,1,4
ORD_0280,SKU_0176,1,WP_0011,116,6,1,4
ORD_0278,SKU_0113,1,WP_0026,116,5,1,4
ORD_0352,SKU_0067,1,WP_0037,116,1,1,4
ORD_0352,SKU_0044,1,WP_0037,116,2,1,4
ORD_0278,SKU_0107,1,WP_0042,116,4,1,4
ORD_0280,SKU_0331,1,WP_0046,116,8,1,4
ORD_0352,SKU_0109,1,WP_0058,116,10,1,4
ORD_0278,SKU_0151,1,WP_0077,116,11,1,4
ORD_0284,SKU_0110,1,WP_0081,116,3,1,4
ORD_0284,SKU_0121,1,WP_0091,116,12,1,4
ORD_0284,SKU_0199,1,WP_0091,116,13,1,4
ORD_0280,SKU_0296,1,WP_0093,116,15,1,4
ORD_0278,SKU_0284,1,WP_0103,116,14,1,4
ORD_0284,SKU_0205,1,WP_0109,116,16,1,4
ORD_0280,SKU_0133,1,WP_0124,116,17,1,4
ORD_0352,SKU_0095,1,WP_0149,116,18,1,4
ORD_0463,SKU_0255,1,WP_0008,117,1,1,13
ORD_0303,SKU_0007,1,WP_0034,117,5,1,13
ORD_0290,SKU_0098,1,WP_0036,117,3,1,13
ORD_0290,SKU_0074,1,WP_0036,117,4,1,13
ORD_0348,SKU_0226,1,WP_0038,117,2,1,13
ORD_0290,SKU_0237,1,WP_0074,117,6,1,13
ORD_0463,SKU_0126,1,WP_0076,117,7,1,13
ORD_0348,SKU_0015,1,WP_0078,117,8,1,13
ORD_0463,SKU_0217,1,WP_0095,117,9,1,13
ORD_0463,SKU_0306,1,WP_0107,117,10,1,13
ORD_0290,SKU_0181,1,WP_0118,117,11,1,13
ORD_0348,SKU_0099,1,WP_0120,117,12,1,13
ORD_0303,SKU_0039,1,WP_0123,117,13,1,13
ORD_0290,SKU_0169,1,WP_0126,117,14,1,13
ORD_0344,SKU_0180,1,WP_0009,118,1,1,19
ORD_0344,SKU_0106,1,WP_0010,118,2,1,19
ORD_0372,SKU_0197,1,WP_0030,118,5,1,19
ORD_0296,SKU_0071,1,WP_0034,118,3,1,19
ORD_0468,SKU_0071,1,WP_0034,118,4,1,19
ORD_0344,SKU_0328,1,WP_0085,118,6,1,19
ORD_0468,SKU_0172,1,WP_0106,118,9,1,19
ORD_0296,SKU_0332,1,WP_0112,118,10,1,19
ORD_0344,SKU_0166,1,WP_0119,118,7,1,19
ORD_0344,SKU_0239,1,WP_0119,118,8,1,19
ORD_0372,SKU_0060,1,WP_0122,118,11,1,19
ORD_0468,SKU_0147,1,WP_0163,118,12,1,19
ORD_0355,SKU_0242,1,WP_0001,119,13,3,8
ORD_0355,SKU_0066,1,WP_0006,119,12,3,8
ORD_0408,SKU_0043,1,WP_0010,119,2,3,8
ORD_0382,SKU_0156,1,WP_0023,119,1,3,8
ORD_0471,SKU_0089,1,WP_0027,119,3,3,8
ORD_0471,SKU_0006,1,WP_0027,119,4,3,8
ORD_0471,SKU_0158,1,WP_0052,119,5,3,8
ORD_0382,SKU_0027,1,WP_0054,119,6,3,8
ORD_0382,SKU_0319,1,WP_0089,119,10,3,8
ORD_0408,SKU_0121,1,WP_0091,119,11,3,8
ORD_0355,SKU_0023,1,WP_0097,119,7,3,8
ORD_0355,SKU_0088,1,WP_0097,119,8,3,8
ORD_0471,SKU_0023,1,WP_0097,119,9,3,8
ORD_0355,SKU_0128,1,WP_0115,119,14,3,8
ORD_0382,SKU_0190,1,WP_0162,119,15,3,8
ORD_0471,SKU_0190,1,WP_0162,119,16,3,8
ORD_0425,SKU_0114,1,WP_0003,120,1,4,1
ORD_0465,SKU_0117,1,WP_0008,120,5,4,1
ORD_0403,SKU_0085,1,WP_0011,120,6,4,1
ORD_0425,SKU_0176,1,WP_0011,120,7,4,1
ORD_0403,SKU_0266,1,WP_0013,120,9,4,1
ORD_0403,SKU_0208,1,WP_0024,120,10,4,1
ORD_0425,SKU_0006,1,WP_0027,120,8,4,1
ORD_0448,SKU_0071,1,WP_0034,120,4,4,1
ORD_0403,SKU_0044,1,WP_0037,120,11,4,1
ORD_0465,SKU_0067,1,WP_0037,120,12,4,1
ORD_0465,SKU_0310,1,WP_0063,120,3,4,1
ORD_0465,SKU_0129,1,WP_0064,120,13,4,1
ORD_0465,SKU_0305,1,WP_0064,120,14,4,1
ORD_0448,SKU_0165,1,WP_0071,120,2,4,1
ORD_0403,SKU_0099,1,WP_0120,120,15,4,1
ORD_0425,SKU_0060,1,WP_0122,120,16,4,1
